word,start,end,duration,sentence_idx,word_idx,layer
So,0.031,0.191,0.16,0,0,36
I'll,0.271,0.411,0.13999999999999996,0,1,36
start,0.431,0.612,0.181,0,2,36
with,0.652,0.732,0.07999999999999996,0,3,36
this,0.752,0.892,0.14,0,4,36
a,0.932,0.952,0.019999999999999907,0,5,36
couple,0.992,1.212,0.21999999999999997,0,6,36
years,1.252,1.432,0.17999999999999994,0,7,36
ago.,1.472,1.753,0.2809999999999999,0,8,36
An,1.773,1.813,0.040000000000000036,1,0,36
event,2.173,2.433,0.2599999999999998,1,1,36
planner,2.473,2.774,0.30100000000000016,1,2,36
called,2.814,3.054,0.23999999999999977,1,3,36
me,3.074,3.154,0.08000000000000007,1,4,36
because,3.174,3.374,0.20000000000000018,1,5,36
I,3.454,3.515,0.06099999999999994,1,6,36
was,3.555,3.675,0.11999999999999966,1,7,36
going,3.715,3.875,0.16000000000000014,1,8,36
to,3.915,3.955,0.040000000000000036,1,9,36
do,3.975,4.095,0.11999999999999966,1,10,36
a,4.115,4.155,0.040000000000000036,1,11,36
speaking,4.195,4.556,0.36099999999999977,1,12,36
event,4.616,4.896,0.28000000000000025,1,13,36
and,5.076,5.176,0.10000000000000053,1,14,36
she,5.216,5.316,0.09999999999999964,1,15,36
called,5.356,5.617,0.2610000000000001,1,16,36
and,5.637,5.697,0.0600000000000005,1,17,36
she,5.777,5.877,0.09999999999999964,1,18,36
"said,",5.937,6.217,0.27999999999999936,1,19,36
I'm,7.238,7.338,0.09999999999999964,1,20,36
really,7.378,7.619,0.24099999999999966,1,21,36
struggling,7.679,8.099,0.41999999999999993,1,22,36
with,8.119,8.239,0.120000000000001,1,23,36
how,8.279,8.64,0.36100000000000065,1,24,36
to,8.7,8.8,0.10000000000000142,1,25,36
write,8.84,9.06,0.22000000000000064,1,26,36
about,9.1,9.3,0.20000000000000107,1,27,36
you,9.34,9.44,0.09999999999999964,1,28,36
on,9.501,9.561,0.0600000000000005,1,29,36
the,9.581,9.641,0.0600000000000005,1,30,36
little,9.681,9.861,0.1800000000000015,1,31,36
flyer.,9.921,10.341,0.41999999999999993,1,32,36
And,10.762,10.842,0.08000000000000007,2,0,36
I,10.902,10.962,0.0600000000000005,2,1,36
"thought,",10.982,11.202,0.22000000000000064,2,2,36
"well,",11.222,11.342,0.120000000000001,2,3,36
what's,11.362,11.563,0.2010000000000005,2,4,36
the,11.603,11.703,0.09999999999999964,2,5,36
struggle?,11.723,12.083,0.35999999999999943,2,6,36
And,12.103,12.163,0.0600000000000005,3,0,36
she,12.203,12.303,0.10000000000000142,3,1,36
"said,",12.363,12.604,0.24099999999999966,3,2,36
"well,",13.605,13.825,0.21999999999999886,3,3,36
I,13.885,13.945,0.0600000000000005,3,4,36
saw,14.005,14.225,0.21999999999999886,3,5,36
you,14.265,14.406,0.14100000000000001,3,6,36
speak,14.466,14.786,0.3200000000000003,3,7,36
and,14.846,14.926,0.08000000000000007,3,8,36
I'm,15.226,15.807,0.5809999999999995,3,9,36
going,15.847,15.947,0.09999999999999964,3,10,36
to,15.967,16.027,0.0600000000000005,3,11,36
call,16.067,16.267,0.1999999999999993,3,12,36
you,16.307,16.408,0.10100000000000264,3,13,36
a,16.448,16.488,0.03999999999999915,3,14,36
"researcher,",16.548,17.148,0.6000000000000014,3,15,36
I,17.208,17.268,0.060000000000002274,3,16,36
think.,17.328,17.589,0.26099999999999923,3,17,36
But,17.629,17.729,0.09999999999999787,4,0,36
I'm,17.749,17.869,0.120000000000001,4,1,36
afraid,17.909,18.129,0.22000000000000242,4,2,36
if,18.189,18.249,0.05999999999999872,4,3,36
I,18.289,18.37,0.08099999999999952,4,4,36
call,18.41,18.59,0.17999999999999972,4,5,36
your,18.61,18.73,0.120000000000001,4,6,36
"researcher,",18.75,19.17,0.4200000000000017,4,7,36
no,19.21,19.29,0.0799999999999983,4,8,36
one,19.371,19.451,0.08000000000000185,4,9,36
will,19.471,19.631,0.16000000000000014,4,10,36
come,19.671,19.931,0.26000000000000156,4,11,36
because,19.951,20.151,0.1999999999999993,4,12,36
they'll,20.191,20.372,0.18100000000000094,4,13,36
think,20.392,20.552,0.16000000000000014,4,14,36
you're,20.572,20.732,0.16000000000000014,4,15,36
boring,20.752,21.072,0.3200000000000003,4,16,36
and,21.112,21.172,0.060000000000002274,4,17,36
irrelevant.,21.212,21.713,0.5010000000000012,4,18,36
And,25.516,25.576,0.060000000000002274,5,0,36
she,25.616,25.736,0.120000000000001,5,1,36
"said,",25.776,25.996,0.21999999999999886,5,2,36
but,26.617,26.737,0.11999999999999744,5,3,36
the,26.837,26.937,0.10000000000000142,5,4,36
thing,26.957,27.117,0.16000000000000014,5,5,36
I,27.157,27.217,0.05999999999999872,5,6,36
liked,27.257,27.437,0.17999999999999972,5,7,36
about,27.477,27.617,0.14000000000000057,5,8,36
your,27.637,27.757,0.120000000000001,5,9,36
talk,27.797,28.058,0.26099999999999923,5,10,36
is,28.118,28.218,0.10000000000000142,5,11,36
you're,28.518,28.678,0.16000000000000014,5,12,36
a,28.698,28.738,0.03999999999999915,5,13,36
storyteller.,28.798,29.418,0.620000000000001,5,14,36
So,29.478,29.719,0.24099999999999966,6,0,36
I,29.839,29.899,0.060000000000002274,6,1,36
think,29.939,30.119,0.17999999999999972,6,2,36
what,30.199,30.319,0.11999999999999744,6,3,36
I'll,30.339,30.479,0.14000000000000057,6,4,36
do,30.499,30.619,0.120000000000001,6,5,36
is,30.679,30.739,0.060000000000002274,6,6,36
just,30.759,30.899,0.14000000000000057,6,7,36
call,30.939,31.119,0.17999999999999972,6,8,36
you,31.139,31.26,0.12100000000000222,6,9,36
a,31.3,31.34,0.03999999999999915,6,10,36
storyteller.,31.4,32.06,0.6600000000000037,6,11,36
And,33.081,33.161,0.0799999999999983,7,0,36
of,33.181,33.241,0.060000000000002274,7,1,36
"course,",33.281,33.501,0.21999999999999886,7,2,36
the,33.541,33.641,0.10000000000000142,7,3,36
academic,33.841,34.502,0.6610000000000014,7,4,36
insecure,34.882,35.382,0.5,7,5,36
part,35.422,35.622,0.20000000000000284,7,6,36
of,35.642,35.702,0.05999999999999517,7,7,36
me,35.742,35.882,0.14000000000000057,7,8,36
was,35.922,36.043,0.12100000000000222,7,9,36
"like,",36.083,36.323,0.240000000000002,7,10,36
you're,36.923,37.043,0.11999999999999744,7,11,36
going,37.063,37.163,0.09999999999999432,7,12,36
to,37.183,37.223,0.03999999999999915,7,13,36
call,37.263,37.403,0.14000000000000057,7,14,36
me,37.443,37.523,0.0800000000000054,7,15,36
a,37.564,37.584,0.020000000000003126,7,16,36
what?,37.624,37.884,0.259999999999998,7,17,36
And,38.404,38.484,0.0799999999999983,8,0,36
she,38.524,38.624,0.10000000000000142,8,1,36
"said,",38.664,38.864,0.19999999999999574,8,2,36
I'm,38.924,38.984,0.060000000000002274,8,3,36
going,39.004,39.104,0.10000000000000142,8,4,36
to,39.125,39.185,0.060000000000002274,8,5,36
call,39.225,39.405,0.17999999999999972,8,6,36
you,39.425,39.545,0.12000000000000455,8,7,36
a,39.585,39.605,0.01999999999999602,8,8,36
storyteller.,39.665,40.365,0.7000000000000028,8,9,36
And,40.465,40.545,0.0799999999999983,9,0,36
I,40.605,40.625,0.020000000000003126,9,1,36
was,40.645,40.746,0.10099999999999909,9,2,36
"like,",40.786,41.006,0.21999999999999886,9,3,36
why,42.427,42.567,0.14000000000000057,9,4,36
not,42.587,42.747,0.1599999999999966,9,5,36
magic,42.807,43.147,0.3399999999999963,9,6,36
pixie?,43.207,43.607,0.3999999999999986,9,7,36
I,45.684,45.744,0.060000000000002274,10,0,36
was,45.784,45.964,0.17999999999999972,10,1,36
"like,",46.824,47.365,0.5410000000000039,10,2,36
let,48.045,48.145,0.10000000000000142,10,3,36
me,48.185,48.245,0.05999999999999517,10,4,36
think,48.285,48.425,0.14000000000000057,10,5,36
about,48.465,48.625,0.1599999999999966,10,6,36
this,48.645,48.765,0.11999999999999744,10,7,36
for,48.785,48.885,0.10000000000000142,10,8,36
a,48.925,48.945,0.020000000000003126,10,9,36
second.,49.005,49.325,0.3200000000000003,10,10,36
And,49.385,49.465,0.0800000000000054,11,0,36
so,49.505,49.745,0.23999999999999488,11,1,36
I,50.405,50.485,0.0799999999999983,11,2,36
tried,50.525,50.705,0.17999999999999972,11,3,36
to,50.725,50.786,0.06099999999999994,11,4,36
call,50.826,51.006,0.17999999999999972,11,5,36
deep,51.046,51.226,0.17999999999999972,11,6,36
on,51.246,51.326,0.0799999999999983,11,7,36
my,51.346,51.446,0.10000000000000142,11,8,36
courage.,51.486,51.906,0.4200000000000017,11,9,36
And,52.926,53.026,0.10000000000000142,12,0,36
I,53.046,53.126,0.0799999999999983,12,1,36
"thought,",53.166,53.546,0.38000000000000256,12,2,36
I,54.547,54.587,0.04000000000000625,12,3,36
am,54.647,54.707,0.060000000000002274,12,4,36
a,54.747,54.767,0.020000000000003126,12,5,36
storyteller.,54.807,55.367,0.5599999999999952,12,6,36
I'm,56.107,56.227,0.11999999999999744,13,0,36
a,56.247,56.287,0.03999999999999915,13,1,36
qualitative,56.327,56.827,0.5,13,2,36
researcher.,56.847,57.267,0.4200000000000017,13,3,36
I,57.287,57.347,0.060000000000002274,14,0,36
collect,57.387,57.628,0.24099999999999966,14,1,36
stories.,57.688,58.048,0.35999999999999943,14,2,36
That's,58.088,58.248,0.1599999999999966,15,0,36
what,58.268,58.388,0.11999999999999744,15,1,36
I,58.428,58.488,0.060000000000002274,15,2,36
do.,58.528,58.748,0.21999999999999886,15,3,36
And,59.748,59.828,0.0800000000000054,16,0,36
maybe,59.868,60.168,0.29999999999999716,16,1,36
stories,60.228,60.688,0.46000000000000085,16,2,36
are,60.768,60.848,0.0799999999999983,16,3,36
just,60.888,61.048,0.1600000000000037,16,4,36
data,61.089,61.369,0.28000000000000114,16,5,36
with,61.409,61.509,0.10000000000000142,16,6,36
a,61.569,61.589,0.01999999999999602,16,7,36
soul.,61.649,61.949,0.29999999999999716,16,8,36
And,62.209,62.489,0.27999999999999403,17,0,36
maybe,62.729,62.989,0.259999999999998,17,1,36
I'm,63.129,63.289,0.1600000000000037,17,2,36
just,63.329,63.629,0.29999999999999716,17,3,36
a,64.269,64.309,0.03999999999999204,17,4,36
storyteller.,64.329,64.91,0.5810000000000031,17,5,36
So,65.15,65.29,0.14000000000000057,18,0,36
I,65.33,65.37,0.04000000000000625,18,1,36
"said,",65.41,65.55,0.14000000000000057,18,2,36
you,65.57,65.63,0.060000000000002274,18,3,36
know,65.67,65.77,0.09999999999999432,18,4,36
what?,65.81,66.01,0.20000000000000284,18,5,36
Why,66.73,66.87,0.14000000000000057,19,0,36
don't,66.89,67.01,0.12000000000000455,19,1,36
you,67.03,67.13,0.09999999999999432,19,2,36
just,67.15,67.23,0.0799999999999983,19,3,36
say,67.27,67.37,0.10000000000000853,19,4,36
I'm,67.41,67.53,0.12000000000000455,19,5,36
a,67.55,67.59,0.04000000000000625,19,6,36
researcher,67.63,68.051,0.4210000000000065,19,7,36
storyteller?,68.071,68.691,0.6200000000000045,19,8,36
And,69.451,69.531,0.0800000000000125,20,0,36
she,69.571,69.691,0.12000000000000455,20,1,36
"went,",69.731,70.771,1.0400000000000063,20,2,36
there's,71.732,71.972,0.23999999999999488,20,3,36
no,71.992,72.132,0.14000000000000057,20,4,36
such,72.192,72.392,0.20000000000000284,20,5,36
thing.,72.452,72.752,0.29999999999999716,20,6,36
So,74.743,74.843,0.10000000000000853,21,0,36
I'm,74.883,74.983,0.10000000000000853,21,1,36
a,75.003,75.043,0.04000000000000625,21,2,36
researcher,75.083,75.523,0.4399999999999977,21,3,36
storyteller.,75.604,76.184,0.5799999999999983,21,4,36
And,77.064,77.385,0.32100000000001216,22,0,36
I'm,77.425,77.525,0.10000000000000853,22,1,36
going,77.545,77.645,0.09999999999999432,22,2,36
to,77.665,77.705,0.03999999999999204,22,3,36
talk,77.745,77.965,0.21999999999999886,22,4,36
to,77.985,78.065,0.0799999999999983,22,5,36
you,78.085,78.165,0.0800000000000125,22,6,36
today.,78.185,78.505,0.3199999999999932,22,7,36
We're,78.525,78.785,0.2599999999999909,23,0,36
talking,78.865,79.085,0.21999999999999886,23,1,36
about,79.105,79.246,0.14099999999999113,23,2,36
expanding,79.286,79.766,0.480000000000004,23,3,36
perception.,79.926,80.426,0.5,23,4,36
And,80.466,80.546,0.0800000000000125,24,0,36
so,80.586,80.706,0.12000000000000455,24,1,36
I,80.806,80.846,0.04000000000000625,24,2,36
want,80.886,80.987,0.10099999999999909,24,3,36
to,81.007,81.067,0.05999999999998806,24,4,36
talk,81.107,81.287,0.18000000000000682,24,5,36
to,81.327,81.407,0.0799999999999983,24,6,36
you,81.447,81.607,0.1599999999999966,24,7,36
and,81.667,81.747,0.0799999999999983,24,8,36
tell,81.787,81.927,0.14000000000000057,24,9,36
some,81.967,82.087,0.12000000000000455,24,10,36
stories,82.127,82.487,0.35999999999999943,24,11,36
about,82.607,82.928,0.32099999999999795,24,12,36
a,83.348,83.388,0.04000000000000625,24,13,36
piece,83.448,83.688,0.2400000000000091,24,14,36
of,83.728,83.788,0.060000000000002274,24,15,36
my,83.828,84.008,0.1799999999999926,24,16,36
research,84.048,84.549,0.5010000000000048,24,17,36
that,85.249,85.569,0.3200000000000074,24,18,36
fundamentally,85.969,86.53,0.561000000000007,24,19,36
expanded,86.65,87.01,0.35999999999999943,24,20,36
my,87.03,87.13,0.09999999999999432,24,21,36
perception,87.17,87.67,0.5,24,22,36
and,88.471,88.571,0.09999999999999432,24,23,36
really,88.611,88.871,0.2599999999999909,24,24,36
actually,88.931,89.191,0.2600000000000051,24,25,36
changed,89.231,89.511,0.28000000000000114,24,26,36
the,89.551,89.631,0.0799999999999983,24,27,36
way,89.671,89.812,0.14099999999999113,24,28,36
that,89.852,89.952,0.09999999999999432,24,29,36
I,90.032,90.112,0.0799999999999983,24,30,36
live,90.172,90.472,0.29999999999999716,24,31,36
and,90.692,90.772,0.0800000000000125,24,32,36
love,90.812,91.132,0.3200000000000074,24,33,36
and,91.392,91.492,0.10000000000000853,24,34,36
work,91.533,91.773,0.23999999999999488,24,35,36
and,91.853,91.933,0.0800000000000125,24,36,36
parent.,91.973,92.333,0.35999999999999943,24,37,36
And,93.394,93.714,0.3199999999999932,25,0,36
this,93.754,93.854,0.09999999999999432,25,1,36
is,93.914,93.974,0.060000000000002274,25,2,36
where,93.994,94.174,0.18000000000000682,25,3,36
my,94.214,94.314,0.09999999999999432,25,4,36
story,94.354,94.654,0.29999999999999716,25,5,36
starts.,94.694,95.055,0.3610000000000042,25,6,36
When,96.09,96.21,0.11999999999999034,26,0,36
I,96.27,96.31,0.04000000000000625,26,1,36
was,96.35,96.471,0.12100000000000932,26,2,36
a,96.511,96.551,0.04000000000000625,26,3,36
young,96.571,96.751,0.18000000000000682,26,4,36
"researcher,",96.811,97.272,0.4609999999999985,26,5,36
a,97.292,97.312,0.01999999999999602,26,6,36
doctoral,97.352,97.692,0.3399999999999892,26,7,36
"student,",97.712,98.053,0.340999999999994,26,8,36
my,98.814,98.914,0.10000000000000853,26,9,36
first,98.954,99.154,0.20000000000000284,26,10,36
year,99.194,99.334,0.14000000000000057,26,11,36
I,99.374,99.414,0.04000000000000625,26,12,36
had,99.454,99.554,0.10000000000000853,26,13,36
a,99.595,99.615,0.01999999999999602,26,14,36
research,99.655,99.975,0.3199999999999932,26,15,36
professor,100.015,100.516,0.5010000000000048,26,16,36
who,100.936,101.357,0.42099999999999227,26,17,36
said,101.717,101.877,0.1599999999999966,26,18,36
to,101.918,101.978,0.05999999999998806,26,19,36
"us,",102.138,102.258,0.11999999999999034,26,20,36
here's,102.759,103.019,0.2600000000000051,26,21,36
the,103.039,103.139,0.09999999999999432,26,22,36
"thing,",103.159,103.439,0.2799999999999869,26,23,36
if,104.08,104.16,0.0799999999999983,26,24,36
you,104.2,104.321,0.12099999999999511,26,25,36
cannot,104.381,104.761,0.37999999999999545,26,26,36
measure,104.821,105.122,0.30100000000000193,26,27,36
"it,",105.182,105.262,0.0799999999999983,26,28,36
it,105.422,105.482,0.060000000000002274,26,29,36
does,105.542,105.702,0.1599999999999966,26,30,36
not,105.782,105.963,0.18099999999999739,26,31,36
exist.,106.103,106.503,0.4000000000000057,26,32,36
And,108.486,108.566,0.0799999999999983,27,0,36
I,108.666,108.726,0.060000000000002274,27,1,36
thought,108.766,108.927,0.16100000000000136,27,2,36
he,108.967,109.027,0.060000000000002274,27,3,36
was,109.067,109.147,0.0800000000000125,27,4,36
just,109.187,109.347,0.1599999999999966,27,5,36
sweet,109.367,109.587,0.21999999999999886,27,6,36
talking,109.607,109.928,0.32099999999999795,27,7,36
to,109.948,109.988,0.04000000000000625,27,8,36
me.,110.008,110.108,0.10000000000000853,27,9,36
I,110.228,110.268,0.04000000000000625,28,0,36
was,110.308,110.428,0.11999999999999034,28,1,36
"like,",110.469,110.709,0.2400000000000091,28,2,36
Really?,111.449,111.789,0.3400000000000034,28,3,36
And,111.869,111.929,0.060000000000002274,29,0,36
he's,111.949,112.069,0.12000000000000455,29,1,36
"like,",112.109,112.249,0.14000000000000057,29,2,36
absolutely.,112.389,113.049,0.6600000000000108,29,3,36
So,113.81,113.87,0.060000000000002274,30,0,36
you,113.93,113.99,0.05999999999998806,30,1,36
have,114.01,114.13,0.11999999999999034,30,2,36
to,114.15,114.21,0.05999999999998806,30,3,36
understand,114.25,114.67,0.4200000000000017,30,4,36
that,114.71,114.81,0.10000000000000853,30,5,36
I,114.91,114.97,0.060000000000002274,30,6,36
have,115.01,115.37,0.35999999999999943,30,7,36
a,116.23,116.27,0.03999999999999204,30,8,36
bachelor's,116.33,116.67,0.3400000000000034,30,9,36
in,116.71,116.79,0.0800000000000125,30,10,36
social,116.81,117.07,0.2599999999999909,30,11,36
"work,",117.11,117.23,0.12000000000000455,30,12,36
a,117.25,117.31,0.060000000000002274,30,13,36
master's,117.35,117.631,0.2810000000000059,30,14,36
in,117.671,117.751,0.0799999999999983,30,15,36
social,117.771,117.971,0.20000000000000284,30,16,36
"work,",117.991,118.091,0.09999999999999432,30,17,36
and,118.111,118.171,0.060000000000002274,30,18,36
I,118.191,118.211,0.01999999999999602,30,19,36
was,118.231,118.291,0.060000000000002274,30,20,36
getting,118.311,118.491,0.1799999999999926,30,21,36
my,118.511,118.591,0.0799999999999983,30,22,36
PhD,118.631,118.991,0.35999999999999943,30,23,36
in,119.031,119.111,0.0799999999999983,30,24,36
social,119.151,119.431,0.28000000000000114,30,25,36
work.,119.451,119.631,0.18000000000000682,30,26,36
So,119.891,120.011,0.11999999999999034,31,0,36
my,120.031,120.111,0.0799999999999983,31,1,36
entire,120.151,120.431,0.28000000000000114,31,2,36
academic,120.491,120.871,0.37999999999999545,31,3,36
career,120.911,121.271,0.35999999999999943,31,4,36
was,121.632,121.752,0.11999999999999034,31,5,36
surrounded,121.792,122.232,0.4399999999999977,31,6,36
by,122.272,122.412,0.14000000000000057,31,7,36
people,122.492,122.872,0.37999999999999545,31,8,36
who,123.232,123.352,0.12000000000000455,31,9,36
kind,123.412,123.612,0.19999999999998863,31,10,36
of,123.652,123.732,0.0799999999999983,31,11,36
believed,123.772,124.312,0.539999999999992,31,12,36
in,124.532,124.632,0.10000000000000853,31,13,36
the,124.672,124.792,0.12000000000000455,31,14,36
life's,124.912,125.212,0.29999999999999716,31,15,36
"messy,",125.332,125.773,0.4410000000000025,31,16,36
love,126.953,127.173,0.21999999999999886,31,17,36
it.,127.213,127.333,0.12000000000000455,31,18,36
And,128.853,128.933,0.07999999999998408,32,0,36
I'm,128.993,129.093,0.09999999999999432,32,1,36
more,129.133,129.333,0.19999999999998863,32,2,36
of,129.353,129.393,0.03999999999999204,32,3,36
the,129.413,129.493,0.07999999999998408,32,4,36
life's,129.533,129.794,0.2610000000000241,32,5,36
"messy,",129.874,130.254,0.37999999999999545,32,6,36
clean,130.974,131.194,0.21999999999999886,32,7,36
it,131.234,131.294,0.060000000000002274,32,8,36
up.,131.414,131.554,0.14000000000001478,32,9,36
organize,133.157,133.717,0.5600000000000023,33,0,36
it,133.797,133.877,0.0800000000000125,33,1,36
and,133.997,134.057,0.05999999999997385,33,2,36
put,134.097,134.217,0.12000000000000455,33,3,36
it,134.237,134.297,0.060000000000002274,33,4,36
into,134.337,134.598,0.2610000000000241,33,5,36
a,134.618,134.638,0.020000000000010232,33,6,36
bento,134.678,134.998,0.3199999999999932,33,7,36
box.,135.038,136.318,1.2800000000000011,33,8,36
And,138.199,138.299,0.09999999999999432,34,0,36
so,138.379,138.639,0.2600000000000193,34,1,36
to,138.779,138.919,0.14000000000001478,34,2,36
think,139.059,139.239,0.18000000000000682,34,3,36
that,139.259,139.339,0.0800000000000125,34,4,36
I,139.359,139.399,0.03999999999999204,34,5,36
had,139.439,139.539,0.09999999999999432,34,6,36
found,139.599,139.859,0.2600000000000193,34,7,36
my,139.899,140.059,0.1599999999999966,34,8,36
"way,",140.119,140.44,0.32099999999999795,34,9,36
to,140.46,140.5,0.03999999999999204,34,10,36
found,141.12,141.34,0.21999999999999886,34,11,36
a,141.38,141.42,0.03999999999999204,34,12,36
career,141.48,141.96,0.4800000000000182,34,13,36
that,142.46,142.62,0.1599999999999966,34,14,36
takes,142.68,143.02,0.3400000000000034,34,15,36
"me,",143.1,143.301,0.2009999999999934,34,16,36
and,143.361,143.521,0.1599999999999966,34,17,36
really,143.541,143.761,0.21999999999999886,34,18,36
one,143.821,143.901,0.0800000000000125,34,19,36
of,143.921,143.961,0.040000000000020464,34,20,36
the,143.981,144.081,0.09999999999999432,34,21,36
big,144.141,144.421,0.28000000000000114,34,22,36
sayings,144.501,145.021,0.5199999999999818,34,23,36
in,146.101,146.181,0.0800000000000125,34,24,36
social,146.222,146.462,0.23999999999998067,34,25,36
work,146.482,146.622,0.14000000000001478,34,26,36
is,146.662,146.762,0.09999999999999432,34,27,36
lean,146.802,147.002,0.20000000000001705,34,28,36
into,147.042,147.182,0.13999999999998636,34,29,36
the,147.202,147.262,0.060000000000002274,34,30,36
discomfort,147.322,147.922,0.5999999999999943,34,31,36
of,148.182,148.262,0.0800000000000125,34,32,36
the,148.302,148.382,0.0800000000000125,34,33,36
work.,148.422,148.642,0.21999999999999886,34,34,36
And,149.603,149.683,0.07999999999998408,35,0,36
I'm,149.743,149.863,0.12000000000000455,35,1,36
"like,",149.903,150.083,0.18000000000000682,35,2,36
you,150.103,150.183,0.07999999999998408,35,3,36
"know,",150.203,150.363,0.1599999999999966,35,4,36
knock,150.483,150.723,0.2400000000000091,35,5,36
discomfort,150.743,151.223,0.4800000000000182,35,6,36
upside,151.263,151.563,0.29999999999998295,35,7,36
the,151.583,151.683,0.09999999999999432,35,8,36
head,151.723,151.983,0.2599999999999909,35,9,36
and,152.224,152.304,0.0800000000000125,35,10,36
move,152.324,152.524,0.19999999999998863,35,11,36
it,152.564,152.624,0.060000000000002274,35,12,36
over,152.724,152.944,0.21999999999999886,35,13,36
and,153.504,153.604,0.10000000000002274,35,14,36
get,153.624,153.784,0.1599999999999966,35,15,36
all,153.864,153.984,0.12000000000000455,35,16,36
A's.,154.084,154.304,0.21999999999999886,35,17,36
That,154.444,154.544,0.10000000000002274,36,0,36
was,154.564,154.624,0.060000000000002274,36,1,36
my,154.664,154.844,0.18000000000000682,36,2,36
mantra.,154.864,155.085,0.22100000000000364,36,3,36
So,157.515,157.635,0.12000000000000455,37,0,36
I,157.675,157.715,0.03999999999999204,37,1,36
was,157.755,157.855,0.09999999999999432,37,2,36
very,157.895,158.095,0.19999999999998863,37,3,36
excited,158.135,158.535,0.4000000000000057,37,4,36
about,158.576,158.796,0.21999999999999886,37,5,36
this.,158.836,159.096,0.2599999999999909,37,6,36
And,159.316,159.416,0.09999999999999432,38,0,36
so,159.476,159.776,0.30000000000001137,38,1,36
I,159.976,160.036,0.060000000000002274,38,2,36
"thought,",160.076,160.316,0.2400000000000091,38,3,36
you,160.336,160.416,0.07999999999998408,38,4,36
know,160.436,160.556,0.12000000000000455,38,5,36
what?,160.596,160.837,0.24099999999998545,38,6,36
This,161.177,161.317,0.14000000000001478,39,0,36
is,161.377,161.437,0.060000000000002274,39,1,36
the,161.457,161.517,0.060000000000002274,39,2,36
career,161.577,161.797,0.21999999999999886,39,3,36
for,161.817,161.937,0.12000000000000455,39,4,36
me.,161.977,162.157,0.18000000000000682,39,5,36
Because,162.477,162.697,0.21999999999999886,40,0,36
I,162.878,162.938,0.060000000000002274,40,1,36
am,163.058,163.158,0.09999999999999432,40,2,36
interested,163.218,163.578,0.36000000000001364,40,3,36
in,163.618,163.678,0.060000000000002274,40,4,36
some,163.698,163.838,0.13999999999998636,40,5,36
messy,163.858,164.138,0.28000000000000114,40,6,36
topics.,164.178,164.678,0.5,40,7,36
But,165.199,165.299,0.09999999999999432,41,0,36
I,165.339,165.399,0.060000000000002274,41,1,36
want,165.459,165.659,0.19999999999998863,41,2,36
to,165.679,165.759,0.07999999999998408,41,3,36
be,165.799,165.879,0.07999999999998408,41,4,36
able,165.939,166.099,0.1599999999999966,41,5,36
to,166.159,166.239,0.0800000000000125,41,6,36
make,166.279,166.439,0.1599999999999966,41,7,36
them,166.479,166.639,0.1599999999999966,41,8,36
not,166.959,167.12,0.16100000000000136,41,9,36
messy.,167.18,167.52,0.3400000000000034,41,10,36
I,168.507,168.587,0.07999999999998408,42,0,36
want,168.627,168.827,0.19999999999998863,42,1,36
to,168.867,168.948,0.08100000000001728,42,2,36
understand,169.048,169.548,0.5,42,3,36
them.,169.588,169.708,0.12000000000000455,42,4,36
I,169.788,169.848,0.060000000000002274,43,0,36
want,169.888,170.049,0.16100000000000136,43,1,36
to,170.089,170.169,0.0800000000000125,43,2,36
hack,170.289,170.569,0.28000000000000114,43,3,36
into,170.709,170.95,0.24099999999998545,43,4,36
these,170.99,171.17,0.1799999999999784,43,5,36
things.,171.21,171.59,0.37999999999999545,43,6,36
I,171.61,171.63,0.01999999999998181,44,0,36
know,171.89,172.071,0.1810000000000116,44,1,36
are,172.131,172.231,0.09999999999999432,44,2,36
important,172.271,172.771,0.5,44,3,36
and,173.472,173.572,0.09999999999999432,44,4,36
lay,173.612,173.772,0.1599999999999966,44,5,36
the,173.812,173.892,0.07999999999998408,44,6,36
code,173.932,174.133,0.20100000000002183,44,7,36
out,174.193,174.293,0.09999999999999432,44,8,36
for,174.333,174.433,0.09999999999999432,44,9,36
everyone,174.493,174.873,0.37999999999999545,44,10,36
to,174.893,174.994,0.10099999999999909,44,11,36
see.,175.034,175.254,0.21999999999999886,44,12,36
So,176.155,176.275,0.12000000000000455,45,0,36
where,176.295,176.475,0.18000000000000682,45,1,36
I,176.535,176.595,0.060000000000002274,45,2,36
started,176.655,177.076,0.42099999999999227,45,3,36
was,177.496,177.636,0.13999999999998636,45,4,36
with,177.676,177.836,0.160000000000025,45,5,36
connection,177.876,178.377,0.5010000000000048,45,6,36
because,178.837,179.478,0.6410000000000196,45,7,36
by,179.638,179.758,0.12000000000000455,45,8,36
the,179.778,179.858,0.0800000000000125,45,9,36
time,179.898,180.079,0.1810000000000116,45,10,36
you're,180.119,180.279,0.1599999999999966,45,11,36
a,180.299,180.319,0.01999999999998181,45,12,36
social,180.339,180.579,0.2400000000000091,45,13,36
worker,180.619,180.879,0.2599999999999909,45,14,36
for,180.899,181.08,0.1810000000000116,45,15,36
10,181.1,181.14,0.03999999999999204,45,16,36
"years,",181.86,182.181,0.32099999999999795,45,17,36
what,182.241,182.401,0.1599999999999966,45,18,36
you,182.441,182.581,0.13999999999998636,45,19,36
realize,182.621,183.162,0.5409999999999968,45,20,36
is,183.982,184.083,0.10099999999999909,45,21,36
that,184.143,184.543,0.4000000000000057,45,22,36
connection,184.963,185.404,0.4410000000000025,45,23,36
is,185.444,185.524,0.0800000000000125,45,24,36
why,185.564,185.704,0.14000000000001478,45,25,36
we're,185.744,185.904,0.1599999999999966,45,26,36
here.,185.944,186.125,0.1810000000000116,45,27,36
It's,186.965,187.086,0.12100000000000932,46,0,36
what,187.146,187.286,0.14000000000001478,46,1,36
gives,187.326,187.526,0.20000000000001705,46,2,36
purpose,187.586,187.926,0.339999999999975,46,3,36
and,187.966,188.026,0.060000000000002274,46,4,36
meaning,188.066,188.327,0.2609999999999957,46,5,36
to,188.387,188.487,0.09999999999999432,46,6,36
our,188.567,188.667,0.09999999999999432,46,7,36
lives.,188.687,189.027,0.339999999999975,46,8,36
This,190.202,190.542,0.3400000000000034,47,0,36
is,190.763,190.983,0.21999999999999886,47,1,36
what,191.023,191.143,0.12000000000000455,47,2,36
it's,191.163,191.283,0.11999999999997613,47,3,36
all,191.343,191.484,0.14100000000001955,47,4,36
about.,191.524,191.804,0.28000000000000114,47,5,36
It,191.924,191.984,0.060000000000002274,48,0,36
doesn't,192.004,192.204,0.20000000000001705,48,1,36
matter,192.244,192.405,0.16100000000000136,48,2,36
whether,192.445,192.625,0.18000000000000682,48,3,36
you,192.645,192.765,0.11999999999997613,48,4,36
talk,192.785,192.965,0.18000000000000682,48,5,36
to,192.985,193.045,0.05999999999997385,48,6,36
people,193.085,193.286,0.2009999999999934,48,7,36
who,193.306,193.386,0.07999999999998408,48,8,36
work,193.426,193.546,0.12000000000000455,48,9,36
in,193.586,193.646,0.05999999999997385,48,10,36
social,193.686,193.967,0.2810000000000059,48,11,36
justice,194.007,194.387,0.37999999999999545,48,12,36
and,194.427,194.507,0.0800000000000125,48,13,36
mental,194.527,194.767,0.2400000000000091,48,14,36
health,194.808,195.128,0.3199999999999932,48,15,36
and,195.689,195.769,0.0800000000000125,48,16,36
abuse,195.809,196.089,0.28000000000000114,48,17,36
and,196.149,196.229,0.0800000000000125,48,18,36
"neglect,",196.269,196.71,0.4410000000000025,48,19,36
what,196.77,196.91,0.13999999999998636,48,20,36
we,196.95,197.07,0.12000000000000455,48,21,36
know,197.11,197.351,0.24099999999998545,48,22,36
is,197.891,197.971,0.0800000000000125,48,23,36
that,198.031,198.171,0.13999999999998636,48,24,36
"connection,",198.252,198.812,0.5600000000000023,48,25,36
the,199.153,199.233,0.0800000000000125,48,26,36
ability,199.293,199.613,0.3199999999999932,48,27,36
to,199.633,199.693,0.060000000000002274,48,28,36
feel,199.733,199.914,0.18099999999998317,48,29,36
connected,199.934,200.434,0.5,48,30,36
is,202.076,202.296,0.21999999999999886,48,31,36
"neurobiologically,",202.316,204.119,1.8029999999999973,48,32,36
that's,204.199,204.359,0.1599999999999966,48,33,36
how,204.399,204.499,0.09999999999999432,48,34,36
we're,204.519,204.679,0.1599999999999966,48,35,36
"wired,",204.699,205.06,0.36099999999999,48,36,36
it's,205.1,205.2,0.09999999999999432,48,37,36
why,205.24,205.42,0.1799999999999784,48,38,36
we're,205.46,205.62,0.1599999999999966,48,39,36
here.,205.66,205.861,0.2009999999999934,48,40,36
So,206.461,206.561,0.09999999999999432,49,0,36
I,206.601,206.642,0.04099999999999682,49,1,36
"thought,",206.662,206.842,0.18000000000000682,49,2,36
you,206.862,206.942,0.0800000000000125,49,3,36
know,206.962,207.062,0.10000000000002274,49,4,36
"what,",207.082,207.242,0.1599999999999966,49,5,36
I'm,207.302,207.382,0.0800000000000125,49,6,36
gonna,207.402,207.523,0.12100000000000932,49,7,36
start,207.563,207.763,0.20000000000001705,49,8,36
with,207.783,207.903,0.12000000000000455,49,9,36
connection.,207.943,208.364,0.42099999999999227,49,10,36
"Well,",210.142,210.262,0.12000000000000455,50,0,36
you,210.282,210.342,0.060000000000002274,50,1,36
know,210.382,210.803,0.42099999999999227,50,2,36
that,211.344,211.504,0.1599999999999966,50,3,36
situation,211.564,212.065,0.5010000000000048,50,4,36
where,212.105,212.225,0.12000000000000455,50,5,36
you,212.245,212.325,0.07999999999998408,50,6,36
get,212.345,212.425,0.0800000000000125,50,7,36
an,212.465,212.525,0.060000000000002274,50,8,36
evaluation,212.545,213.186,0.6410000000000196,50,9,36
from,213.226,213.347,0.12100000000000932,50,10,36
your,213.387,213.507,0.12000000000000455,50,11,36
boss.,213.547,214.949,1.4020000000000152,50,12,36
And,214.969,215.029,0.060000000000002274,51,0,36
she,215.089,215.209,0.12000000000000455,51,1,36
tells,215.249,215.45,0.2009999999999934,51,2,36
you,215.47,215.55,0.0800000000000125,51,3,36
37,215.89,216.051,0.16100000000000136,51,4,36
things,216.071,216.231,0.1599999999999966,51,5,36
that,216.251,216.351,0.09999999999999432,51,6,36
you,216.371,216.451,0.07999999999998408,51,7,36
do,216.491,216.571,0.07999999999998408,51,8,36
really,216.611,216.832,0.22100000000000364,51,9,36
awesome.,216.972,217.292,0.3199999999999932,51,10,36
And,217.312,217.393,0.08099999999998886,52,0,36
one,217.493,217.593,0.09999999999999432,52,1,36
thing,217.633,217.813,0.1799999999999784,52,2,36
that,217.833,217.953,0.12000000000000455,52,3,36
you,217.973,218.074,0.10099999999999909,52,4,36
"can't,",218.094,218.274,0.18000000000000682,52,5,36
you,218.314,218.374,0.060000000000002274,52,6,36
"know,",218.394,218.494,0.09999999999999432,52,7,36
an,218.514,218.554,0.03999999999999204,52,8,36
opportunity,218.614,219.075,0.4609999999999843,52,9,36
for,219.095,219.195,0.09999999999999432,52,10,36
growth.,219.235,219.516,0.2809999999999775,52,11,36
And,222.284,222.364,0.0800000000000125,53,0,36
all,222.404,222.544,0.14000000000001478,53,1,36
you,222.564,222.644,0.0800000000000125,53,2,36
can,222.664,222.764,0.10000000000002274,53,3,36
think,222.804,222.944,0.13999999999998636,53,4,36
about,222.984,223.185,0.2009999999999934,53,5,36
is,223.245,223.305,0.060000000000002274,53,6,36
that,223.325,223.465,0.14000000000001478,53,7,36
opportunity,223.525,223.965,0.4399999999999977,53,8,36
for,224.005,224.105,0.09999999999999432,53,9,36
"growth,",224.125,224.445,0.3199999999999932,53,10,36
right?,224.786,225.046,0.2599999999999909,53,11,36
"Well,",225.746,226.006,0.2599999999999909,54,0,36
apparently,226.186,226.687,0.5010000000000048,54,1,36
this,226.847,226.987,0.13999999999998636,54,2,36
is,227.027,227.087,0.060000000000002274,54,3,36
the,227.127,227.207,0.07999999999998408,54,4,36
way,227.227,227.347,0.12000000000000455,54,5,36
my,227.427,227.527,0.09999999999999432,54,6,36
work,227.567,227.747,0.18000000000000682,54,7,36
went,227.787,227.968,0.18099999999998317,54,8,36
as,228.108,228.188,0.07999999999998408,54,9,36
well.,228.248,228.508,0.2600000000000193,54,10,36
Because,228.628,229.048,0.4200000000000159,55,0,36
when,229.248,229.428,0.18000000000000682,55,1,36
you,229.468,229.609,0.14100000000001955,55,2,36
ask,229.809,230.009,0.19999999999998863,55,3,36
people,230.069,230.329,0.2600000000000193,55,4,36
about,230.369,230.569,0.19999999999998863,55,5,36
"love,",230.609,230.929,0.3199999999999932,55,6,36
they,231.81,231.97,0.1599999999999966,55,7,36
tell,232.01,232.21,0.20000000000001705,55,8,36
you,232.25,232.37,0.12000000000000455,55,9,36
about,232.47,232.67,0.19999999999998863,55,10,36
heartbreak.,232.71,233.171,0.4609999999999843,55,11,36
When,233.391,233.511,0.12000000000000455,56,0,36
you,233.531,233.631,0.09999999999999432,56,1,36
ask,233.711,233.871,0.1599999999999966,56,2,36
people,233.891,234.171,0.28000000000000114,56,3,36
about,234.291,234.692,0.40100000000001046,56,4,36
"belonging,",235.152,235.692,0.5400000000000205,56,5,36
they'll,236.132,236.353,0.22100000000000364,56,6,36
tell,236.373,236.533,0.1599999999999966,56,7,36
you,236.553,236.633,0.0800000000000125,56,8,36
their,236.673,236.773,0.09999999999999432,56,9,36
most,236.813,236.973,0.160000000000025,56,10,36
excruciating,237.113,237.834,0.7210000000000036,56,11,36
experiences,237.954,238.634,0.6799999999999784,56,12,36
of,238.814,238.894,0.0800000000000125,56,13,36
being,238.954,239.174,0.21999999999999886,56,14,36
excluded.,239.234,239.735,0.5010000000000048,56,15,36
And,240.175,240.235,0.060000000000002274,57,0,36
when,240.275,240.355,0.07999999999998408,57,1,36
you,240.375,240.495,0.12000000000000455,57,2,36
ask,240.575,240.775,0.20000000000001705,57,3,36
people,240.795,241.076,0.2810000000000059,57,4,36
about,241.196,241.476,0.28000000000000114,57,5,36
"connection,",241.556,242.176,0.6199999999999761,57,6,36
the,242.656,242.757,0.10099999999999909,57,7,36
stories,242.797,243.157,0.36000000000001364,57,8,36
they,243.177,243.317,0.14000000000001478,57,9,36
told,243.377,243.557,0.1799999999999784,57,10,36
me,243.597,243.677,0.07999999999998408,57,11,36
were,243.717,243.877,0.1599999999999966,57,12,36
about,243.897,244.097,0.20000000000001705,57,13,36
disconnection.,244.137,244.838,0.7009999999999934,57,14,36
So,246.239,246.399,0.1599999999999966,58,0,36
very,246.479,246.739,0.2599999999999909,58,1,36
"quickly,",246.799,247.119,0.3199999999999932,58,2,36
really,247.159,247.399,0.2400000000000091,58,3,36
about,247.439,247.619,0.18000000000000682,58,4,36
six,247.68,247.86,0.18000000000000682,58,5,36
weeks,247.9,248.1,0.19999999999998863,58,6,36
into,248.14,248.3,0.160000000000025,58,7,36
this,248.34,248.46,0.12000000000000455,58,8,36
"research,",248.52,248.94,0.4199999999999875,58,9,36
I,249.14,249.2,0.060000000000002274,58,10,36
ran,249.24,249.461,0.22100000000000364,58,11,36
into,249.501,249.861,0.3599999999999852,58,12,36
this,250.001,250.181,0.18000000000000682,58,13,36
unnamed,250.361,250.841,0.4800000000000182,58,14,36
thing.,250.922,251.182,0.2599999999999909,58,15,36
that,251.927,252.067,0.14000000000001478,59,0,36
absolutely,252.227,252.767,0.539999999999992,59,1,36
unravelled,252.928,253.488,0.5600000000000023,59,2,36
connection,253.548,254.028,0.47999999999998977,59,3,36
in,255.309,255.389,0.0800000000000125,59,4,36
a,255.429,255.449,0.020000000000010232,59,5,36
way,255.489,255.609,0.12000000000000455,59,6,36
that,255.649,255.749,0.09999999999999432,59,7,36
I,255.849,255.909,0.060000000000002274,59,8,36
didn't,255.929,256.109,0.1799999999999784,59,9,36
understand,256.149,256.63,0.48099999999999454,59,10,36
or,256.69,256.75,0.060000000000002274,59,11,36
had,256.79,256.89,0.0999999999999659,59,12,36
never,256.93,257.15,0.21999999999997044,59,13,36
seen.,257.21,257.49,0.28000000000002956,59,14,36
And,258.231,258.331,0.10000000000002274,60,0,36
so,258.371,258.511,0.1400000000000432,60,1,36
I,258.571,258.651,0.07999999999998408,60,2,36
pulled,258.691,258.911,0.22000000000002728,60,3,36
back,258.951,259.091,0.13999999999998636,60,4,36
out,259.131,259.211,0.08000000000004093,60,5,36
of,259.231,259.271,0.040000000000020464,60,6,36
the,259.291,259.371,0.07999999999998408,60,7,36
research,259.411,259.752,0.3410000000000082,60,8,36
and,259.812,259.872,0.060000000000002274,60,9,36
"thought,",259.892,260.132,0.2400000000000091,60,10,36
I,260.172,260.212,0.03999999999996362,60,11,36
need,260.252,260.372,0.12000000000000455,60,12,36
to,260.392,260.452,0.060000000000002274,60,13,36
figure,260.472,260.672,0.20000000000004547,60,14,36
out,260.692,260.772,0.07999999999998408,60,15,36
what,260.792,260.892,0.10000000000002274,60,16,36
this,260.932,261.072,0.13999999999998636,60,17,36
is.,261.212,261.433,0.22100000000000364,60,18,36
And,262.533,262.733,0.19999999999998863,61,0,36
it,262.933,263.013,0.07999999999998408,61,1,36
turned,263.053,263.274,0.22100000000000364,61,2,36
out,263.334,263.434,0.10000000000002274,61,3,36
to,263.474,263.574,0.10000000000002274,61,4,36
be,263.614,263.794,0.18000000000000682,61,5,36
shame.,264.114,264.454,0.34000000000003183,61,6,36
And,266.335,266.395,0.060000000000002274,62,0,36
shame,266.435,266.636,0.20100000000002183,62,1,36
is,266.696,266.776,0.07999999999998408,62,2,36
really,266.816,267.056,0.2400000000000091,62,3,36
easily,267.116,267.416,0.30000000000001137,62,4,36
understood,267.516,268.076,0.5600000000000023,62,5,36
as,268.176,268.256,0.07999999999998408,62,6,36
the,268.297,268.397,0.0999999999999659,62,7,36
fear,268.477,268.717,0.2400000000000091,62,8,36
of,268.737,268.797,0.060000000000002274,62,9,36
disconnection.,268.837,269.517,0.6800000000000068,62,10,36
Is,270.378,270.458,0.08000000000004093,63,0,36
there,270.498,270.658,0.160000000000025,63,1,36
something,270.698,271.038,0.34000000000003183,63,2,36
about,271.098,271.438,0.339999999999975,63,3,36
me,271.538,271.779,0.24099999999998545,63,4,36
that,272.279,272.399,0.12000000000000455,63,5,36
if,272.419,272.479,0.060000000000002274,63,6,36
other,272.579,272.739,0.15999999999996817,63,7,36
people,272.779,273.039,0.2599999999999909,63,8,36
know,273.099,273.279,0.18000000000000682,63,9,36
it,273.319,273.379,0.060000000000002274,63,10,36
or,273.46,273.54,0.08000000000004093,63,11,36
see,273.64,273.84,0.19999999999998863,63,12,36
it?,273.9,273.98,0.08000000000004093,63,13,36
that,274.843,274.983,0.13999999999998636,64,0,36
I,275.183,275.263,0.07999999999998408,64,1,36
won't,275.424,275.764,0.34000000000003183,64,2,36
be,276.765,276.885,0.12000000000000455,64,3,36
worthy,276.925,277.225,0.30000000000001137,64,4,36
of,277.305,277.365,0.060000000000002274,64,5,36
connection.,277.446,277.926,0.47999999999996135,64,6,36
The,278.667,278.767,0.10000000000002274,65,0,36
things,278.787,278.987,0.20000000000004547,65,1,36
I,279.007,279.047,0.040000000000020464,65,2,36
can,279.087,279.187,0.10000000000002274,65,3,36
tell,279.227,279.367,0.1400000000000432,65,4,36
you,279.387,279.467,0.07999999999998408,65,5,36
about,279.487,279.688,0.20099999999996498,65,6,36
"it,",279.708,279.768,0.05999999999994543,65,7,36
it's,279.808,279.928,0.12000000000000455,65,8,36
"universal,",280.008,280.508,0.5,65,9,36
we,280.849,280.949,0.10000000000002274,65,10,36
all,281.009,281.149,0.13999999999998636,65,11,36
have,281.189,281.369,0.18000000000000682,65,12,36
it.,281.389,281.449,0.060000000000002274,65,13,36
The,281.489,281.569,0.08000000000004093,66,0,36
only,281.609,281.73,0.12100000000003774,66,1,36
people,281.77,281.93,0.160000000000025,66,2,36
who,281.95,282.01,0.060000000000002274,66,3,36
don't,282.05,282.19,0.13999999999998636,66,4,36
experience,282.21,282.61,0.4000000000000341,66,5,36
shame,282.63,282.851,0.22100000000000364,66,6,36
have,282.911,283.031,0.12000000000000455,66,7,36
no,283.071,283.191,0.1199999999999477,66,8,36
capacity,283.231,283.691,0.45999999999997954,66,9,36
for,283.732,283.832,0.0999999999999659,66,10,36
human,283.892,284.192,0.30000000000001137,66,11,36
empathy,284.732,285.073,0.34099999999995134,66,12,36
or,285.133,285.213,0.08000000000004093,66,13,36
connection.,285.253,285.713,0.4600000000000364,66,14,36
No,286.574,286.654,0.07999999999998408,67,0,36
one,286.694,286.774,0.07999999999998408,67,1,36
wants,286.814,286.955,0.1409999999999627,67,2,36
to,286.975,287.055,0.07999999999998408,67,3,36
talk,287.095,287.275,0.17999999999994998,67,4,36
about,287.315,287.535,0.22000000000002728,67,5,36
it,287.595,287.655,0.05999999999994543,67,6,36
unless,287.715,288.036,0.3210000000000264,67,7,36
you,288.056,288.156,0.10000000000002274,67,8,36
talk,288.176,288.336,0.160000000000025,67,9,36
about,288.356,288.496,0.13999999999998636,67,10,36
it,288.516,288.556,0.03999999999996362,67,11,36
the,288.576,288.656,0.07999999999998408,67,12,36
more,288.676,288.776,0.10000000000002274,67,13,36
you,288.796,288.896,0.10000000000002274,67,14,36
have,288.936,289.097,0.16100000000000136,67,15,36
it.,289.117,289.177,0.060000000000002274,67,16,36
What,292.16,292.38,0.21999999999997044,68,0,36
underpinned,293.12,293.861,0.7409999999999854,68,1,36
this,294.302,294.482,0.18000000000000682,68,2,36
"shame,",294.582,294.982,0.4000000000000341,68,3,36
this,295.202,295.363,0.16100000000000136,68,4,36
I'm,295.503,295.663,0.160000000000025,68,5,36
not,295.703,295.903,0.20000000000004547,68,6,36
good,295.943,296.103,0.160000000000025,68,7,36
"enough,",296.163,296.464,0.3009999999999877,68,8,36
which,297.324,297.445,0.1209999999999809,68,9,36
we,297.485,297.585,0.0999999999999659,68,10,36
all,297.645,297.785,0.1400000000000432,68,11,36
know,297.825,297.965,0.13999999999998636,68,12,36
that,298.005,298.145,0.13999999999998636,68,13,36
"feeling,",298.205,298.546,0.3410000000000082,68,14,36
I'm,298.686,298.806,0.12000000000000455,68,15,36
not,298.846,298.986,0.13999999999998636,68,16,36
blank,299.026,299.266,0.2400000000000091,68,17,36
"enough,",299.306,299.567,0.2610000000000241,68,18,36
I'm,299.707,299.827,0.12000000000000455,68,19,36
not,299.867,299.967,0.0999999999999659,68,20,36
