word,start,end,duration,sentence_idx,word_idx,layer,richness,richness_normalized,pre_gap,word_length
So,0.031,0.191,0.16,0,0,36,3.513855314108155,0.20266219095915955,0.0,2
I'll,0.271,0.411,0.1399999999999999,0,1,36,3.1031737327575684,0.17895340213138516,0.08000000000000002,4
start,0.431,0.612,0.181,0,2,36,3.8600780963897705,0.2226497511645245,0.020000000000000018,5
with,0.652,0.732,0.0799999999999999,0,3,36,1.0535995960235596,0.06063078285323379,0.040000000000000036,4
this,0.752,0.892,0.14,0,4,36,2.959404945373535,0.17065358062757285,0.020000000000000018,4
a,0.932,0.952,0.0199999999999999,0,5,36,7.447757720947266,0.42976772884594816,0.040000000000000036,1
couple,0.992,1.212,0.2199999999999999,0,6,36,4.446078300476074,0.2564797443335011,0.040000000000000036,6
years,1.252,1.432,0.1799999999999999,0,7,36,3.904648780822754,0.22522283209417274,0.040000000000000036,5
ago.,1.472,1.753,0.2809999999999999,0,8,36,0.7579083442687988,0.04356042527104347,0.040000000000000036,4
An,1.773,1.813,0.04,1,0,36,3.513855314108155,0.20266219095915955,0.0,2
event,2.173,2.433,0.2599999999999998,1,1,36,6.190182685852051,0.3571674898868487,0.3600000000000001,5
planner,2.473,2.774,0.3010000000000001,1,2,36,6.060168743133545,0.3496617402926199,0.040000000000000036,7
called,2.814,3.054,0.2399999999999997,1,3,36,5.776931285858154,0.33331034454564235,0.040000000000000036,6
me,3.074,3.154,0.08,1,4,36,3.390594959259033,0.19554632831359417,0.020000000000000018,2
because,3.174,3.374,0.2000000000000001,1,5,36,4.816310882568359,0.2778533985332358,0.020000000000000018,7
I,3.454,3.515,0.0609999999999999,1,6,36,1.5803004503250122,0.09103740418008933,0.08000000000000007,1
was,3.555,3.675,0.1199999999999996,1,7,36,1.2859376668930054,0.07404373953071812,0.040000000000000036,3
going,3.715,3.875,0.1600000000000001,1,8,36,3.373128652572632,0.19453799242605035,0.040000000000000036,5
to,3.915,3.955,0.04,1,9,36,0.13808059692382812,0.00777755640444092,0.040000000000000036,2
do,3.975,4.095,0.1199999999999996,1,10,36,3.3966355323791504,0.19589505267574503,0.020000000000000018,2
a,4.115,4.155,0.04,1,11,36,0.6528868079185486,0.037497495885440144,0.020000000000000462,1
speaking,4.195,4.556,0.3609999999999997,1,12,36,6.0413432121276855,0.34857493591799754,0.040000000000000036,8
event,4.616,4.896,0.2800000000000002,1,13,36,1.7201939821243286,0.09911350584721076,0.05999999999999961,5
and,5.076,5.176,0.1000000000000005,1,14,36,2.444190502166748,0.14091007376067638,0.17999999999999972,3
she,5.216,5.316,0.0999999999999996,1,15,36,2.135457992553711,0.12308683988051916,0.040000000000000036,3
called,5.356,5.617,0.2610000000000001,1,16,36,5.262539386749268,0.3036143234321963,0.040000000000000036,6
and,5.637,5.697,0.0600000000000005,1,17,36,3.1499319076538086,0.18165276763723856,0.019999999999999574,3
she,5.777,5.877,0.0999999999999996,1,18,36,4.185487747192383,0.2414357621368861,0.08000000000000007,3
"said,",5.937,6.217,0.2799999999999993,1,19,36,0.5848082304000854,0.0335672962091546,0.0600000000000005,5
I'm,7.238,7.338,0.0999999999999996,1,20,36,3.361149787902832,0.1938464484519603,1.0210000000000008,3
really,7.378,7.619,0.2409999999999996,1,21,36,3.3594446182250977,0.19374800842045956,0.040000000000000036,6
struggling,7.679,8.099,0.4199999999999999,1,22,36,5.5364789962768555,0.31942895123335924,0.0600000000000005,10
with,8.119,8.239,0.120000000000001,1,23,36,0.6699144244194031,0.03848050603781037,0.019999999999999574,4
how,8.279,8.64,0.3610000000000006,1,24,36,2.733896255493164,0.15763488646159904,0.03999999999999915,3
to,8.7,8.8,0.1000000000000014,1,25,36,0.7206023931503296,0.041406739892268216,0.05999999999999872,2
write,8.84,9.06,0.2200000000000006,1,26,36,5.047456741333008,0.29119752839619,0.03999999999999915,5
about,9.1,9.3,0.200000000000001,1,27,36,4.111329078674316,0.23715455671768612,0.03999999999999915,5
you,9.34,9.44,0.0999999999999996,1,28,36,3.123015880584717,0.18009889614447497,0.03999999999999915,3
on,9.501,9.561,0.0600000000000005,1,29,36,4.1085028648376465,0.2369913984216277,0.06099999999999994,2
the,9.581,9.641,0.0600000000000005,1,30,36,1.3137519359588623,0.07564946684264826,0.019999999999999574,3
little,9.681,9.861,0.1800000000000015,1,31,36,8.096435546875,0.46721612266386214,0.03999999999999915,6
flyer.,9.921,10.341,0.4199999999999999,1,32,36,3.1810801029205322,0.1834509636544946,0.05999999999999872,6
And,10.762,10.842,0.08,2,0,36,3.513855314108155,0.20266219095915955,0.0,3
I,10.902,10.962,0.0600000000000005,2,1,36,2.585564613342285,0.1490716497840086,0.05999999999999872,1
"thought,",10.982,11.202,0.2200000000000006,2,2,36,2.4950363636016846,0.14384542281519874,0.019999999999999574,8
"well,",11.222,11.342,0.120000000000001,2,3,36,1.6629753112792969,0.09581025231533953,0.019999999999999574,5
what's,11.362,11.563,0.2010000000000005,2,4,36,2.7278223037719727,0.15728423514133716,0.019999999999999574,6
the,11.603,11.703,0.0999999999999996,2,5,36,0.6458470225334167,0.03709108665583688,0.03999999999999915,3
struggle?,11.723,12.083,0.3599999999999994,2,6,36,5.850271224975586,0.337544284435176,0.02000000000000135,9
And,12.103,12.163,0.0600000000000005,3,0,36,3.513855314108155,0.20266219095915955,0.0,3
she,12.203,12.303,0.1000000000000014,3,1,36,5.4300432205200195,0.3132843773207908,0.03999999999999915,3
"said,",12.363,12.604,0.2409999999999996,3,2,36,2.225245714187622,0.12827031590723711,0.05999999999999872,5
"well,",13.605,13.825,0.2199999999999988,3,3,36,3.020148992538452,0.1741603553459354,1.0010000000000012,5
I,13.885,13.945,0.0600000000000005,3,4,36,1.6942222118377686,0.0976141466230096,0.0600000000000005,1
saw,14.005,14.225,0.2199999999999988,3,5,36,6.173274517059326,0.3561913754917187,0.0600000000000005,3
you,14.265,14.406,0.141,3,6,36,2.5170273780822754,0.1451149716386795,0.040000000000000924,3
speak,14.466,14.786,0.3200000000000003,3,7,36,6.563507556915283,0.37871966299158405,0.05999999999999872,5
and,14.846,14.926,0.08,3,8,36,3.9885106086730957,0.2300642042362499,0.0600000000000005,3
I'm,15.226,15.807,0.5809999999999995,3,9,36,2.0871505737304688,0.12029803599034083,0.3000000000000007,3
going,15.847,15.947,0.0999999999999996,3,10,36,2.3242383003234863,0.13398519192503183,0.03999999999999915,5
to,15.967,16.027,0.0600000000000005,3,11,36,0.052488863468170166,0.002836316217262877,0.02000000000000135,2
call,16.067,16.267,0.1999999999999993,3,12,36,4.252438545227051,0.24530085471599516,0.03999999999999915,4
you,16.307,16.408,0.1010000000000026,3,13,36,1.0179023742675781,0.05856996997341705,0.03999999999999915,3
a,16.448,16.488,0.0399999999999991,3,14,36,2.1895711421966553,0.12621081060613856,0.03999999999999915,1
"researcher,",16.548,17.148,0.6000000000000014,3,15,36,6.73012113571167,0.38833832215456,0.05999999999999872,11
I,17.208,17.268,0.0600000000000022,3,16,36,3.061415672302246,0.17654269495056443,0.05999999999999872,1
think.,17.328,17.589,0.2609999999999992,3,17,36,2.3875017166137695,0.1376374106888178,0.05999999999999872,6
But,17.629,17.729,0.0999999999999978,4,0,36,3.513855314108155,0.20266219095915955,0.0,3
I'm,17.749,17.869,0.120000000000001,4,1,36,2.5212326049804688,0.1453577408326966,0.019999999999999574,3
afraid,17.909,18.129,0.2200000000000024,4,2,36,4.5243940353393555,0.26100093862144375,0.03999999999999915,6
if,18.189,18.249,0.0599999999999987,4,3,36,5.010912895202637,0.28908783960028556,0.05999999999999872,2
I,18.289,18.37,0.0809999999999995,4,4,36,1.2683542966842651,0.0730286455257992,0.0400000000000027,1
call,18.41,18.59,0.1799999999999997,4,5,36,6.544692516326904,0.377633464232368,0.03999999999999915,4
your,18.61,18.73,0.120000000000001,4,6,36,5.090224742889404,0.293666539823856,0.019999999999999574,4
"researcher,",18.75,19.17,0.4200000000000017,4,7,36,6.890776634216309,0.39761301929471665,0.019999999999999574,11
no,19.21,19.29,0.0799999999999983,4,8,36,6.238940238952637,0.35998228018355294,0.03999999999999915,2
one,19.371,19.451,0.0800000000000018,4,9,36,0.6744477152824402,0.0387422144772616,0.08099999999999952,3
will,19.471,19.631,0.1600000000000001,4,10,36,0.5176473259925842,0.02969007411693594,0.019999999999999574,4
come,19.671,19.931,0.2600000000000015,4,11,36,3.5960803031921387,0.20740906783673257,0.03999999999999915,4
because,19.951,20.151,0.1999999999999993,4,12,36,4.882382392883301,0.28166772953010566,0.019999999999999574,7
they'll,20.191,20.372,0.1810000000000009,4,13,36,2.7260634899139404,0.15718269821287226,0.03999999999999915,7
think,20.392,20.552,0.1600000000000001,4,14,36,1.4577734470367432,0.08396387817215838,0.019999999999999574,5
you're,20.572,20.732,0.1600000000000001,4,15,36,0.9804141521453857,0.0564057620269569,0.019999999999999574,6
boring,20.752,21.072,0.3200000000000003,4,16,36,8.55384635925293,0.4936226060579915,0.019999999999999574,6
and,21.112,21.172,0.0600000000000022,4,17,36,2.0008544921875,0.11531613354602337,0.03999999999999915,3
irrelevant.,21.212,21.713,0.5010000000000012,4,18,36,3.4388327598571777,0.19833111311971233,0.03999999999999915,11
And,25.516,25.576,0.0600000000000022,5,0,36,3.513855314108155,0.20266219095915955,0.0,3
she,25.616,25.736,0.120000000000001,5,1,36,5.4300432205200195,0.3132843773207908,0.03999999999999915,3
"said,",25.776,25.996,0.2199999999999988,5,2,36,2.225245714187622,0.12827031590723711,0.03999999999999915,5
but,26.617,26.737,0.1199999999999974,5,3,36,7.200920581817627,0.4155177359749976,0.6210000000000022,3
the,26.837,26.937,0.1000000000000014,5,4,36,3.3213210105895996,0.19154711944995725,0.10000000000000142,3
thing,26.957,27.117,0.1600000000000001,5,5,36,4.963422775268555,0.2863462186558545,0.019999999999999574,5
I,27.157,27.217,0.0599999999999987,5,6,36,2.763486385345459,0.1593431348270294,0.03999999999999915,1
liked,27.257,27.437,0.1799999999999997,5,7,36,5.2228193283081055,0.3013212708080406,0.0400000000000027,5
about,27.477,27.617,0.1400000000000005,5,8,36,1.188118577003479,0.06839660985451271,0.03999999999999915,5
your,27.637,27.757,0.120000000000001,5,9,36,3.7855465412139893,0.21834701887042696,0.019999999999999574,4
talk,27.797,28.058,0.2609999999999992,5,10,36,6.105438232421875,0.3522751634667213,0.03999999999999915,4
is,28.118,28.218,0.1000000000000014,5,11,36,2.021362543106079,0.11650007037342826,0.05999999999999872,2
you're,28.518,28.678,0.1600000000000001,5,12,36,2.733163356781006,0.15759257596707538,0.3000000000000007,6
a,28.698,28.738,0.0399999999999991,5,13,36,3.2440192699432373,0.18708446339663054,0.019999999999999574,1
storyteller.,28.798,29.418,0.620000000000001,5,14,36,1.9169431924819946,0.11047190537674594,0.05999999999999872,12
So,29.478,29.719,0.2409999999999996,6,0,36,3.513855314108155,0.20266219095915955,0.0,2
I,29.839,29.899,0.0600000000000022,6,1,36,2.4345972537994385,0.14035625223557913,0.11999999999999744,1
think,29.939,30.119,0.1799999999999997,6,2,36,3.126206159591675,0.18028307204793015,0.03999999999999915,5
what,30.199,30.319,0.1199999999999974,6,3,36,4.08549165725708,0.23566295349988187,0.08000000000000185,4
I'll,30.339,30.479,0.1400000000000005,6,4,36,3.250452995300293,0.18745588457253207,0.019999999999999574,4
do,30.499,30.619,0.120000000000001,6,5,36,0.848673939704895,0.04880035428842144,0.019999999999999574,2
is,30.679,30.739,0.0600000000000022,6,6,36,0.3940471410751343,0.022554592964738655,0.05999999999999872,2
just,30.759,30.899,0.1400000000000005,6,7,36,2.5543088912963867,0.14726724620883774,0.019999999999999574,4
call,30.939,31.119,0.1799999999999997,6,8,36,5.978034019470215,0.3449200744688022,0.03999999999999915,4
you,31.139,31.26,0.1210000000000022,6,9,36,4.488626480102539,0.2589360653656073,0.019999999999999574,3
a,31.3,31.34,0.0399999999999991,6,10,36,2.392319917678833,0.13791556709214534,0.03999999999999915,1
storyteller.,31.4,32.06,0.6600000000000037,6,11,36,2.744715452194214,0.15825948240531723,0.05999999999999872,12
And,33.081,33.161,0.0799999999999983,7,0,36,3.513855314108155,0.20266219095915955,0.0,3
of,33.181,33.241,0.0600000000000022,7,1,36,5.3814005851745605,0.3104762212655831,0.01999999999999602,2
"course,",33.281,33.501,0.2199999999999988,7,2,36,0.3552165627479553,0.02031289033324536,0.03999999999999915,7
the,33.541,33.641,0.1000000000000014,7,3,36,2.027653217315674,0.11686323315742536,0.03999999999999915,3
academic,33.841,34.502,0.6610000000000014,7,4,36,9.638784408569336,0.5562564524989927,0.20000000000000284,8
insecure,34.882,35.382,0.5,7,5,36,13.990789413452148,0.8074991970575842,0.37999999999999545,8
part,35.422,35.622,0.2000000000000028,7,6,36,7.210600852966309,0.41607658135517,0.03999999999999915,4
of,35.642,35.702,0.0599999999999951,7,7,36,0.3072309195995331,0.01754266266335705,0.020000000000003126,2
me,35.742,35.882,0.1400000000000005,7,8,36,0.6640698313713074,0.03814309567256858,0.03999999999999915,2
was,35.922,36.043,0.1210000000000022,7,9,36,2.6689062118530273,0.15388298890752666,0.03999999999999915,3
"like,",36.083,36.323,0.240000000000002,7,10,36,2.3752596378326416,0.1369306712736236,0.03999999999999915,5
you're,36.923,37.043,0.1199999999999974,7,11,36,3.4139394760131836,0.1968940152884773,0.6000000000000014,6
going,37.063,37.163,0.0999999999999943,7,12,36,3.0283355712890625,0.17463296935063916,0.020000000000003126,5
to,37.183,37.223,0.0399999999999991,7,13,36,0.06601113826036453,0.003616961788132999,0.020000000000003126,2
call,37.263,37.403,0.1400000000000005,7,14,36,5.694884300231934,0.3285737438688593,0.03999999999999915,4
me,37.443,37.523,0.0800000000000054,7,15,36,0.818207323551178,0.047041506067593365,0.03999999999999915,2
a,37.564,37.584,0.0200000000000031,7,16,36,1.1867526769638062,0.06831775597581195,0.04099999999999682,1
what?,37.624,37.884,0.259999999999998,7,17,36,5.385132789611816,0.31069168271036957,0.03999999999999915,5
And,38.404,38.484,0.0799999999999983,8,0,36,3.513855314108155,0.20266219095915955,0.0,3
she,38.524,38.624,0.1000000000000014,8,1,36,5.4300432205200195,0.3132843773207908,0.03999999999999915,3
"said,",38.664,38.864,0.1999999999999957,8,2,36,2.225245714187622,0.12827031590723711,0.03999999999999915,5
I'm,38.924,38.984,0.0600000000000022,8,3,36,2.9640469551086426,0.17092156544487147,0.060000000000002274,3
going,39.004,39.104,0.1000000000000014,8,4,36,1.8472232818603516,0.10644695097634699,0.01999999999999602,5
to,39.125,39.185,0.0600000000000022,8,5,36,0.10513008385896683,0.005875311961306967,0.021000000000000796,2
call,39.225,39.405,0.1799999999999997,8,6,36,4.514847278594971,0.2604498010737154,0.03999999999999915,4
you,39.425,39.545,0.1200000000000045,8,7,36,1.9212062358856201,0.11071801233749105,0.01999999999999602,3
a,39.585,39.605,0.019999999999996,8,8,36,2.7916181087493896,0.1609671888869941,0.03999999999999915,1
storyteller.,39.665,40.365,0.7000000000000028,8,9,36,3.0147032737731934,0.17384597213012046,0.060000000000002274,12
And,40.465,40.545,0.0799999999999983,9,0,36,3.513855314108155,0.20266219095915955,0.0,3
I,40.605,40.625,0.0200000000000031,9,1,36,2.585564613342285,0.1490716497840086,0.05999999999999517,1
was,40.645,40.746,0.100999999999999,9,2,36,3.2928318977355957,0.18990243317421798,0.020000000000003126,3
"like,",40.786,41.006,0.2199999999999988,9,3,36,1.2698111534118652,0.07311275036535252,0.03999999999999915,5
why,42.427,42.567,0.1400000000000005,9,4,36,5.531648635864258,0.31915009286671986,1.4209999999999994,3
not,42.587,42.747,0.1599999999999966,9,5,36,2.773521661758423,0.1599224747831113,0.020000000000003126,3
magic,42.807,43.147,0.3399999999999963,9,6,36,11.357145309448242,0.6554580178452198,0.060000000000002274,5
pixie?,43.207,43.607,0.3999999999999986,9,7,36,4.764923095703125,0.2748867639373822,0.060000000000002274,6
I,45.684,45.744,0.0600000000000022,10,0,36,3.513855314108155,0.20266219095915955,0.0,1
was,45.784,45.964,0.1799999999999997,10,1,36,3.22450852394104,0.185958101324786,0.03999999999999915,3
"like,",46.824,47.365,0.5410000000000039,10,2,36,2.3888626098632812,0.13771597552380188,0.8599999999999994,5
let,48.045,48.145,0.1000000000000014,10,3,36,6.220719337463379,0.35893038127871335,0.6799999999999997,3
me,48.185,48.245,0.0599999999999951,10,4,36,1.3525426387786865,0.0778888674473982,0.03999999999999915,2
think,48.285,48.425,0.1400000000000005,10,5,36,3.7659225463867188,0.21721411890499143,0.03999999999999915,5
about,48.465,48.625,0.1599999999999966,10,6,36,0.7313669323921204,0.04202818044207957,0.04000000000000625,5
this,48.645,48.765,0.1199999999999974,10,7,36,1.0733683109283447,0.06177203755847931,0.020000000000003126,4
for,48.785,48.885,0.1000000000000014,10,8,36,2.587390661239624,0.1491770681566686,0.01999999999999602,3
a,48.925,48.945,0.0200000000000031,10,9,36,0.08117803931236267,0.0044925521981801515,0.03999999999999915,1
second.,49.005,49.325,0.3200000000000003,10,10,36,0.7996363639831543,0.045969398189564276,0.060000000000002274,7
And,49.385,49.465,0.0800000000000054,11,0,36,3.513855314108155,0.20266219095915955,0.0,3
so,49.505,49.745,0.2399999999999948,11,1,36,4.205244064331055,0.24257630111483325,0.03999999999999915,2
I,50.405,50.485,0.0799999999999983,11,2,36,2.4366912841796875,0.1404771413290734,0.6600000000000037,1
tried,50.525,50.705,0.1799999999999997,11,3,36,5.7164716720581055,0.3298199902631831,0.03999999999999915,5
to,50.725,50.786,0.0609999999999999,11,4,36,0.5140377879142761,0.029481694243207533,0.020000000000003126,2
call,50.826,51.006,0.1799999999999997,11,5,36,6.399618148803711,0.36925827113844134,0.03999999999999915,4
deep,51.046,51.226,0.1799999999999997,11,6,36,11.748995780944824,0.6780796802295512,0.03999999999999915,4
on,51.246,51.326,0.0799999999999983,11,7,36,6.270200252532959,0.36178693151048097,0.020000000000003126,2
my,51.346,51.446,0.1000000000000014,11,8,36,2.0347156524658203,0.11727094996574683,0.01999999999999602,2
courage.,51.486,51.906,0.4200000000000017,11,9,36,3.6823041439056396,0.2123867997931383,0.03999999999999915,8
And,52.926,53.026,0.1000000000000014,12,0,36,3.513855314108155,0.20266219095915955,0.0,3
I,53.046,53.126,0.0799999999999983,12,1,36,2.585564613342285,0.1490716497840086,0.01999999999999602,1
"thought,",53.166,53.546,0.3800000000000025,12,2,36,2.4950363636016846,0.14384542281519874,0.03999999999999915,8
I,54.547,54.587,0.0400000000000062,12,3,36,2.698701858520508,0.15560310182932635,1.0009999999999977,1
am,54.647,54.707,0.0600000000000022,12,4,36,4.374354839324951,0.25233912427248745,0.05999999999999517,2
a,54.747,54.767,0.0200000000000031,12,5,36,2.724764347076416,0.15710769825039356,0.03999999999999915,1
storyteller.,54.807,55.367,0.5599999999999952,12,6,36,2.049241542816162,0.11810953460769516,0.03999999999999915,12
I'm,56.107,56.227,0.1199999999999974,13,0,36,3.513855314108155,0.20266219095915955,0.0,3
a,56.247,56.287,0.0399999999999991,13,1,36,2.8074753284454346,0.16188263162959962,0.020000000000003126,1
qualitative,56.327,56.827,0.5,13,2,36,13.163267135620117,0.7597260515688659,0.03999999999999915,11
researcher.,56.847,57.267,0.4200000000000017,13,3,36,2.300366163253784,0.13260704524800787,0.020000000000003126,11
I,57.287,57.347,0.0600000000000022,14,0,36,3.513855314108155,0.20266219095915955,0.0,1
collect,57.387,57.628,0.2409999999999996,14,1,36,10.701318740844727,0.6175969246558688,0.03999999999999915,7
stories.,57.688,58.048,0.3599999999999994,14,2,36,4.341665267944336,0.25045194408246124,0.060000000000002274,8
That's,58.088,58.248,0.1599999999999966,15,0,36,3.513855314108155,0.20266219095915955,0.0,6
what,58.268,58.388,0.1199999999999974,15,1,36,2.6825454235076904,0.1546703852836541,0.020000000000003126,4
I,58.428,58.488,0.0600000000000022,15,2,36,1.5661908388137817,0.09022285145858287,0.03999999999999915,1
do.,58.528,58.748,0.2199999999999988,15,3,36,2.2795662879943848,0.13140626130111796,0.03999999999999915,3
And,59.748,59.828,0.0800000000000054,16,0,36,3.513855314108155,0.20266219095915955,0.0,3
maybe,59.868,60.168,0.2999999999999971,16,1,36,5.7253522872924805,0.3303326712326098,0.03999999999999915,5
stories,60.228,60.688,0.4600000000000008,16,2,36,11.586801528930664,0.668716150320476,0.060000000000002274,7
are,60.768,60.848,0.0799999999999983,16,3,36,2.5321121215820312,0.14598581906500113,0.0799999999999983,3
just,60.888,61.048,0.1600000000000037,16,4,36,2.051947593688965,0.11826575585455387,0.03999999999999915,4
data,61.089,61.369,0.2800000000000011,16,5,36,8.143523216247559,0.4699345099990687,0.04099999999999682,4
with,61.409,61.509,0.1000000000000014,16,6,36,5.501367568969727,0.31740195646839114,0.03999999999999915,4
a,61.569,61.589,0.019999999999996,16,7,36,1.385690689086914,0.07980251578347809,0.060000000000002274,1
soul.,61.649,61.949,0.2999999999999971,16,8,36,3.7822489738464355,0.21815664917304345,0.060000000000002274,5
And,62.209,62.489,0.279999999999994,17,0,36,3.513855314108155,0.20266219095915955,0.0,3
maybe,62.729,62.989,0.259999999999998,17,1,36,5.7253522872924805,0.3303326712326098,0.240000000000002,5
I'm,63.129,63.289,0.1600000000000037,17,2,36,1.9608536958694458,0.11300687382775525,0.14000000000000057,3
just,63.329,63.629,0.2999999999999971,17,3,36,1.5401136875152588,0.08871740855234546,0.03999999999999915,4
a,64.269,64.309,0.039999999999992,17,4,36,1.8122440576553345,0.1044275883418972,0.6400000000000077,1
storyteller.,64.329,64.91,0.5810000000000031,17,5,36,2.7974812984466553,0.16130567284318348,0.01999999999999602,12
So,65.15,65.29,0.1400000000000005,18,0,36,3.513855314108155,0.20266219095915955,0.0,2
I,65.33,65.37,0.0400000000000062,18,1,36,2.4345972537994385,0.14035625223557913,0.03999999999999204,1
"said,",65.41,65.55,0.1400000000000005,18,2,36,2.6093358993530273,0.15044397429473993,0.03999999999999204,5
you,65.57,65.63,0.0600000000000022,18,3,36,4.297738552093506,0.24791603968036946,0.01999999999999602,3
know,65.67,65.77,0.0999999999999943,18,4,36,0.4435538649559021,0.025412633148045708,0.04000000000000625,4
what?,65.81,66.01,0.2000000000000028,18,5,36,1.1826024055480957,0.06807815938068483,0.04000000000000625,5
Why,66.73,66.87,0.1400000000000005,19,0,36,3.513855314108155,0.20266219095915955,0.0,3
don't,66.89,67.01,0.1200000000000045,19,1,36,1.6918151378631592,0.09747518541523115,0.01999999999999602,5
you,67.03,67.13,0.0999999999999943,19,2,36,0.677430272102356,0.03891439850747224,0.01999999999999602,3
just,67.15,67.23,0.0799999999999983,19,3,36,2.02323317527771,0.11660806261156513,0.020000000000010232,4
say,67.27,67.37,0.1000000000000085,19,4,36,3.641857624053955,0.21005180830209463,0.03999999999999204,3
I'm,67.41,67.53,0.1200000000000045,19,5,36,2.37191104888916,0.1367373560831275,0.03999999999999204,3
a,67.55,67.59,0.0400000000000062,19,6,36,1.7917499542236328,0.103244456707703,0.01999999999999602,1
researcher,67.63,68.051,0.4210000000000065,19,7,36,9.676491737365723,0.5584333095490531,0.03999999999999204,10
storyteller?,68.071,68.691,0.6200000000000045,19,8,36,4.480793476104736,0.258483863352894,0.01999999999999602,12
And,69.451,69.531,0.0800000000000125,20,0,36,3.513855314108155,0.20266219095915955,0.0,3
she,69.571,69.691,0.1200000000000045,20,1,36,5.4300432205200195,0.3132843773207908,0.03999999999999204,3
"went,",69.731,70.771,1.0400000000000065,20,2,36,4.870615482330322,0.28098842174002064,0.03999999999999204,5
there's,71.732,71.972,0.2399999999999948,20,3,36,4.81532621383667,0.27779655326896036,0.9609999999999985,7
no,71.992,72.132,0.1400000000000005,20,4,36,1.5103306770324707,0.08699802512183066,0.020000000000010232,2
such,72.192,72.392,0.2000000000000028,20,5,36,4.914389610290527,0.28351551719074775,0.05999999999998806,4
thing.,72.452,72.752,0.2999999999999971,20,6,36,1.506635069847107,0.0867846764489731,0.060000000000002274,6
So,74.743,74.843,0.1000000000000085,21,0,36,3.513855314108155,0.20266219095915955,0.0,2
I'm,74.883,74.983,0.1000000000000085,21,1,36,2.3656234741210938,0.13637437223095503,0.03999999999999204,3
a,75.003,75.043,0.0400000000000062,21,2,36,3.6270737648010254,0.20919833102674532,0.01999999999999602,1
researcher,75.083,75.523,0.4399999999999977,21,3,36,8.249446868896484,0.47604951886861935,0.03999999999999204,10
storyteller.,75.604,76.184,0.5799999999999983,21,4,36,3.8347911834716797,0.22118992899156578,0.08100000000000307,12
And,77.064,77.385,0.3210000000000121,22,0,36,3.513855314108155,0.20266219095915955,0.0,3
I'm,77.425,77.525,0.1000000000000085,22,1,36,2.3526155948638916,0.13562342289109913,0.03999999999999204,3
going,77.545,77.645,0.0999999999999943,22,2,36,2.6377005577087402,0.15208147576952236,0.01999999999999602,5
to,77.665,77.705,0.039999999999992,22,3,36,0.07905663549900055,0.004370082826984997,0.020000000000010232,2
talk,77.745,77.965,0.2199999999999988,22,4,36,4.566855430603027,0.2634522495624612,0.04000000000000625,4
to,77.985,78.065,0.0799999999999983,22,5,36,1.3904657363891602,0.0800781809052478,0.01999999999999602,2
you,78.085,78.165,0.0800000000000125,22,6,36,1.184183120727539,0.06816941461122872,0.01999999999999602,3
today.,78.185,78.505,0.3199999999999932,22,7,36,3.8563179969787598,0.2224326793333167,0.01999999999999602,6
We're,78.525,78.785,0.2599999999999909,23,0,36,3.513855314108155,0.20266219095915955,0.0,5
talking,78.865,79.085,0.2199999999999988,23,1,36,3.966094970703125,0.2287701417527995,0.0799999999999983,7
about,79.105,79.246,0.1409999999999911,23,2,36,0.35719937086105347,0.020427358527033944,0.020000000000010232,5
expanding,79.286,79.766,0.480000000000004,23,3,36,8.713586807250977,0.5028444770179329,0.04000000000000625,9
perception.,79.926,80.426,0.5,23,4,36,6.990381240844727,0.4033632274658758,0.1599999999999966,11
And,80.466,80.546,0.0800000000000125,24,0,36,3.513855314108155,0.20266219095915955,0.0,3
so,80.586,80.706,0.1200000000000045,24,1,36,4.205244064331055,0.24257630111483325,0.03999999999999204,2
I,80.806,80.846,0.0400000000000062,24,2,36,2.4366912841796875,0.1404771413290734,0.09999999999999432,1
want,80.886,80.987,0.100999999999999,24,3,36,5.032686233520508,0.2903448219040851,0.03999999999999204,4
to,81.007,81.067,0.059999999999988,24,4,36,0.2876051068305969,0.016409657747524387,0.020000000000010232,2
talk,81.107,81.287,0.1800000000000068,24,5,36,3.395750045776367,0.19584393322985663,0.04000000000000625,4
to,81.327,81.407,0.0799999999999983,24,6,36,1.3628507852554321,0.07848396028603782,0.03999999999999204,2
you,81.447,81.607,0.1599999999999966,24,7,36,0.20557750761508942,0.011674176254894253,0.04000000000000625,3
and,81.667,81.747,0.0799999999999983,24,8,36,4.412877082824707,0.2545630266284301,0.060000000000002274,3
tell,81.787,81.927,0.1400000000000005,24,9,36,1.8630162477493286,0.10735868432458878,0.04000000000000625,4
some,81.967,82.087,0.1200000000000045,24,10,36,7.979114055633545,0.46044311265533994,0.03999999999999204,4
stories,82.127,82.487,0.3599999999999994,24,11,36,1.0263826847076416,0.05905954120949787,0.03999999999999204,7
about,82.607,82.928,0.3209999999999979,24,12,36,1.0847426652908325,0.06242868294477991,0.12000000000000455,5
a,83.348,83.388,0.0400000000000062,24,13,36,3.3767428398132324,0.19474664069751565,0.4200000000000017,1
piece,83.448,83.688,0.2400000000000091,24,14,36,6.3640241622924805,0.3672034180647823,0.05999999999998806,5
of,83.728,83.788,0.0600000000000022,24,15,36,0.17188569903373718,0.009729136566836823,0.03999999999999204,2
my,83.828,84.008,0.1799999999999926,24,16,36,2.6451423168182373,0.15251109108037705,0.04000000000000625,2
research,84.048,84.549,0.5010000000000048,24,17,36,7.436651706695557,0.4291265748264616,0.04000000000000625,8
that,85.249,85.569,0.3200000000000074,24,18,36,1.0891022682189941,0.06268036432006052,0.6999999999999886,4
fundamentally,85.969,86.53,0.561000000000007,24,19,36,9.791406631469727,0.5650673858777698,0.3999999999999915,13
expanded,86.65,87.01,0.3599999999999994,24,20,36,8.70592212677002,0.5024019923796937,0.12000000000000455,8
my,87.03,87.13,0.0999999999999943,24,21,36,0.509253203868866,0.02920547856197753,0.01999999999999602,2
perception,87.17,87.67,0.5,24,22,36,5.451872825622559,0.31454460792540606,0.04000000000000625,10
and,88.471,88.571,0.0999999999999943,24,23,36,3.3124887943267822,0.19103723256979155,0.8010000000000019,3
really,88.611,88.871,0.2599999999999909,24,24,36,6.467304229736328,0.3731658118519391,0.04000000000000625,6
actually,88.931,89.191,0.2600000000000051,24,25,36,8.879968643188477,0.5124497575860237,0.060000000000002274,8
changed,89.231,89.511,0.2800000000000011,24,26,36,1.562769889831543,0.0900253588981818,0.03999999999999204,7
the,89.551,89.631,0.0799999999999983,24,27,36,1.2921547889709473,0.07440265612487768,0.04000000000000625,3
way,89.671,89.812,0.1409999999999911,24,28,36,0.24323679506778717,0.013848259861673444,0.04000000000000625,3
that,89.852,89.952,0.0999999999999943,24,29,36,2.426504135131836,0.13988903371358627,0.04000000000000625,4
I,90.032,90.112,0.0799999999999983,24,30,36,0.12311593443155289,0.006913641295948648,0.0799999999999983,1
live,90.172,90.472,0.2999999999999971,24,31,36,5.696504592895508,0.32866728392116346,0.060000000000002274,4
and,90.692,90.772,0.0800000000000125,24,32,36,2.061861276626587,0.11883807617751704,0.21999999999999886,3
love,90.812,91.132,0.3200000000000074,24,33,36,5.660207748413086,0.32657185461528065,0.03999999999999204,4
and,91.392,91.492,0.1000000000000085,24,34,36,1.1756941080093384,0.06767934098964037,0.2599999999999909,3
work,91.533,91.773,0.2399999999999948,24,35,36,2.029716968536377,0.1169823742246332,0.04099999999999682,4
and,91.853,91.933,0.0800000000000125,24,36,36,2.081935405731201,0.1199969625494785,0.0799999999999983,3
parent.,91.973,92.333,0.3599999999999994,24,37,36,4.594009876251221,0.26501988504173224,0.03999999999999204,7
And,93.394,93.714,0.3199999999999932,25,0,36,3.513855314108155,0.20266219095915955,0.0,3
this,93.754,93.854,0.0999999999999943,25,1,36,3.9247021675109863,0.22638052099930805,0.04000000000000625,4
is,93.914,93.974,0.0600000000000022,25,2,36,0.793494701385498,0.04561483789713429,0.060000000000002274,2
where,93.994,94.174,0.1800000000000068,25,3,36,2.1793479919433594,0.12562062462868884,0.01999999999999602,5
my,94.214,94.314,0.0999999999999943,25,4,36,4.382297992706299,0.25279768524696716,0.03999999999999204,2
story,94.354,94.654,0.2999999999999971,25,5,36,3.981328248977661,0.22964956414271523,0.04000000000000625,5
starts.,94.694,95.055,0.3610000000000042,25,6,36,1.842024803161621,0.10614684101454018,0.04000000000000625,7
When,96.09,96.21,0.1199999999999903,26,0,36,3.513855314108155,0.20266219095915955,0.0,4
I,96.27,96.31,0.0400000000000062,26,1,36,2.3892626762390137,0.13773907149316128,0.060000000000002274,1
was,96.35,96.471,0.1210000000000093,26,2,36,1.8461012840270996,0.10638217765584329,0.03999999999999204,3
a,96.511,96.551,0.0400000000000062,26,3,36,1.5139812231063843,0.08720877240123834,0.03999999999999204,1
young,96.571,96.751,0.1800000000000068,26,4,36,3.1172564029693604,0.1797663995224163,0.01999999999999602,5
"researcher,",96.811,97.272,0.4609999999999985,26,5,36,4.069027900695801,0.23471249517560158,0.060000000000002274,11
a,97.292,97.312,0.019999999999996,26,6,36,3.9046287536621094,0.2252216759193061,0.01999999999999602,1
doctoral,97.352,97.692,0.3399999999999892,26,7,36,7.310474395751953,0.42184231530310945,0.04000000000000625,8
"student,",97.712,98.053,0.340999999999994,26,8,36,0.5611785054206848,0.03220314406541202,0.020000000000010232,8
my,98.814,98.914,0.1000000000000085,26,9,36,4.103761672973633,0.23671768778594204,0.7609999999999957,2
first,98.954,99.154,0.2000000000000028,26,10,36,3.3185291290283203,0.1913859431679559,0.03999999999999204,5
year,99.194,99.334,0.1400000000000005,26,11,36,4.422898769378662,0.2551415820372811,0.04000000000000625,4
I,99.374,99.414,0.0400000000000062,26,12,36,2.598385810852051,0.14981182192242923,0.03999999999999204,1
had,99.454,99.554,0.1000000000000085,26,13,36,2.4354028701782227,0.14040276074598756,0.03999999999999204,3
a,99.595,99.615,0.019999999999996,26,14,36,0.980060338973999,0.056385336270979955,0.04099999999999682,1
research,99.655,99.975,0.3199999999999932,26,15,36,4.613195896148682,0.26612750056395373,0.04000000000000625,8
professor,100.015,100.516,0.5010000000000048,26,16,36,6.610607147216797,0.381438738526116,0.04000000000000625,9
who,100.936,101.357,0.4209999999999922,26,17,36,0.8289602398872375,0.047662275623062494,0.4200000000000017,3
said,101.717,101.877,0.1599999999999966,26,18,36,3.4130911827087402,0.19684504302448405,0.35999999999999943,4
to,101.918,101.978,0.059999999999988,26,19,36,2.0465455055236816,0.11795389144826976,0.04100000000001103,2
"us,",102.138,102.258,0.1199999999999903,26,20,36,2.2509074211120605,0.12975177506698543,0.1600000000000108,3
here's,102.759,103.019,0.2600000000000051,26,21,36,4.467703342437744,0.2577281654376931,0.5010000000000048,6
the,103.039,103.139,0.0999999999999943,26,22,36,1.5302479267120361,0.08814785479067028,0.01999999999999602,3
"thing,",103.159,103.439,0.2799999999999869,26,23,36,2.436487913131714,0.14046540064858262,0.020000000000010232,6
if,104.08,104.16,0.0799999999999983,26,24,36,2.0607500076293945,0.11877392223640616,0.6410000000000053,2
you,104.2,104.321,0.1209999999999951,26,25,36,0.41674426198005676,0.023864905554759324,0.04000000000000625,3
cannot,104.381,104.761,0.3799999999999954,26,26,36,7.112578392028809,0.4104177109984738,0.060000000000002274,6
measure,104.821,105.122,0.3010000000000019,26,27,36,4.98945426940918,0.28784902575867577,0.060000000000002274,7
"it,",105.182,105.262,0.0799999999999983,26,28,36,1.358736276626587,0.0782464282888868,0.060000000000002274,3
it,105.422,105.482,0.0600000000000022,26,29,36,2.5661158561706543,0.14794886634865598,0.1599999999999966,2
does,105.542,105.702,0.1599999999999966,26,30,36,2.287656307220459,0.1318733008912862,0.060000000000002274,4
not,105.782,105.963,0.1809999999999973,26,31,36,0.003358440240845084,0.0,0.0799999999999983,3
exist.,106.103,106.503,0.4000000000000057,26,32,36,0.12007502466440201,0.006738088530040332,0.14000000000000057,6
And,108.486,108.566,0.0799999999999983,27,0,36,3.513855314108155,0.20266219095915955,0.0,3
I,108.666,108.726,0.0600000000000022,27,1,36,2.585564613342285,0.1490716497840086,0.09999999999999432,1
thought,108.766,108.927,0.1610000000000013,27,2,36,3.7981295585632324,0.2190734407863267,0.04000000000000625,7
he,108.967,109.027,0.0600000000000022,27,3,36,3.7899560928344727,0.21860158380088088,0.03999999999999204,2
was,109.067,109.147,0.0800000000000125,27,4,36,0.6641177535057068,0.03814586223385656,0.03999999999999204,3
just,109.187,109.347,0.1599999999999966,27,5,36,3.3749966621398926,0.19464583326033566,0.03999999999999204,4
sweet,109.367,109.587,0.2199999999999988,27,6,36,8.322986602783203,0.4802949929788462,0.020000000000010232,5
talking,109.607,109.928,0.3209999999999979,27,7,36,7.633321762084961,0.4404804047124763,0.01999999999999602,7
to,109.948,109.988,0.0400000000000062,27,8,36,3.975337266921997,0.2293037026897579,0.01999999999999602,2
me.,110.008,110.108,0.1000000000000085,27,9,36,0.9268872737884521,0.05331563694415911,0.01999999999999602,3
I,110.228,110.268,0.0400000000000062,28,0,36,3.513855314108155,0.20266219095915955,0.0,1
was,110.308,110.428,0.1199999999999903,28,1,36,3.22450852394104,0.185958101324786,0.04000000000000625,3
"like,",110.469,110.709,0.2400000000000091,28,2,36,2.3888626098632812,0.13771597552380188,0.04099999999999682,5
Really?,111.449,111.789,0.3400000000000034,28,3,36,4.9635539054870605,0.28635378884843354,0.7399999999999949,7
And,111.869,111.929,0.0600000000000022,29,0,36,3.513855314108155,0.20266219095915955,0.0,3
he's,111.949,112.069,0.1200000000000045,29,1,36,2.9627671241760254,0.17084768036529988,0.01999999999999602,4
"like,",112.109,112.249,0.1400000000000005,29,2,36,3.1344549655914307,0.18075927845311232,0.03999999999999204,5
absolutely.,112.389,113.049,0.6600000000000108,29,3,36,5.326739311218262,0.3073206071349832,0.14000000000000057,11
So,113.81,113.87,0.0600000000000022,30,0,36,3.513855314108155,0.20266219095915955,0.0,2
you,113.93,113.99,0.059999999999988,30,1,36,3.296673536300659,0.19012421228881132,0.060000000000002274,3
have,114.01,114.13,0.1199999999999903,30,2,36,2.6265108585357666,0.15143549059077172,0.020000000000010232,4
to,114.15,114.21,0.059999999999988,30,3,36,1.0228745937347412,0.05885701791202835,0.020000000000010232,2
understand,114.25,114.67,0.4200000000000017,30,4,36,3.5660510063171387,0.20567546620815566,0.04000000000000625,10
that,114.71,114.81,0.1000000000000085,30,5,36,0.7970340251922607,0.04581916427683627,0.03999999999999204,4
I,114.91,114.97,0.0600000000000022,30,6,36,2.9683690071105957,0.17117107899227715,0.09999999999999432,1
have,115.01,115.37,0.3599999999999994,30,7,36,2.602994918823242,0.15007790730958978,0.04000000000000625,4
a,116.23,116.27,0.039999999999992,30,8,36,1.6427356004714966,0.09464180685474868,0.8599999999999994,1
bachelor's,116.33,116.67,0.3400000000000034,30,9,36,4.118855953216553,0.23758908577172394,0.060000000000002274,10
in,116.71,116.79,0.0800000000000125,30,10,36,2.681222438812256,0.15459400892252464,0.03999999999999204,2
social,116.81,117.07,0.2599999999999909,30,11,36,4.789133071899414,0.2762844141832871,0.01999999999999602,6
"work,",117.11,117.23,0.1200000000000045,30,12,36,0.9277069568634033,0.05336295752977147,0.04000000000000625,5
a,117.25,117.31,0.0600000000000022,30,13,36,2.4300482273101807,0.14009363537301842,0.01999999999999602,1
master's,117.35,117.631,0.2810000000000059,30,14,36,0.1765933334827423,0.010000909921421573,0.03999999999999204,8
in,117.671,117.751,0.0799999999999983,30,15,36,0.13718846440315247,0.007726053287428635,0.04000000000000625,2
social,117.771,117.971,0.2000000000000028,30,16,36,1.9794501066207886,0.11408045101134401,0.01999999999999602,6
"work,",117.991,118.091,0.0999999999999943,30,17,36,0.2969817817211151,0.016950976411378004,0.01999999999999602,5
and,118.111,118.171,0.0600000000000022,30,18,36,0.5714098215103149,0.03279380145939964,0.020000000000010232,3
I,118.191,118.211,0.019999999999996,30,19,36,1.3467735052108765,0.077555813383886,0.01999999999999602,1
was,118.231,118.291,0.0600000000000022,30,20,36,3.365595817565918,0.19410311927234986,0.01999999999999602,3
getting,118.311,118.491,0.1799999999999926,30,21,36,6.877152919769287,0.39682651757771226,0.020000000000010232,7
my,118.511,118.591,0.0799999999999983,30,22,36,2.6210217475891113,0.15111860232941243,0.01999999999999602,2
PhD,118.631,118.991,0.3599999999999994,30,23,36,2.6693177223205566,0.1539067455482384,0.04000000000000625,3
in,119.031,119.111,0.0799999999999983,30,24,36,0.5753025412559509,0.033018529508102176,0.04000000000000625,2
social,119.151,119.431,0.2800000000000011,30,25,36,1.5968742370605469,0.09199421458414278,0.03999999999999204,6
work.,119.451,119.631,0.1800000000000068,30,26,36,0.46304047107696533,0.026537601616256373,0.01999999999999602,5
So,119.891,120.011,0.1199999999999903,31,0,36,3.513855314108155,0.20266219095915955,0.0,2
my,120.031,120.111,0.0799999999999983,31,1,36,5.322214126586914,0.30705936667107325,0.020000000000010232,2
entire,120.151,120.431,0.2800000000000011,31,2,36,6.63778018951416,0.38300744759633454,0.03999999999999204,6
academic,120.491,120.871,0.3799999999999954,31,3,36,7.482852458953857,0.43179376013186077,0.060000000000002274,8
career,120.911,121.271,0.3599999999999994,31,4,36,0.38465598225593567,0.022012438138704717,0.04000000000000625,6
was,121.632,121.752,0.1199999999999903,31,5,36,2.160875082015991,0.1245541771901109,0.3610000000000042,3
surrounded,121.792,122.232,0.4399999999999977,31,6,36,7.946861267089844,0.45858114808859524,0.04000000000000625,10
by,122.272,122.412,0.1400000000000005,31,7,36,0.08036268502473831,0.00444548151494782,0.04000000000000625,2
people,122.492,122.872,0.3799999999999954,31,8,36,2.995070695877075,0.17271257666117065,0.0799999999999983,6
who,123.232,123.352,0.1200000000000045,31,9,36,0.5756022334098816,0.03303583083914195,0.35999999999999943,3
kind,123.412,123.612,0.1999999999999886,31,10,36,7.762326717376709,0.44792790511580594,0.060000000000002274,4
of,123.652,123.732,0.0799999999999983,31,11,36,0.008539351634681225,0.0002990957952580112,0.04000000000000625,2
believed,123.772,124.312,0.539999999999992,31,12,36,4.26447868347168,0.2459959360346176,0.04000000000000625,8
in,124.532,124.632,0.1000000000000085,31,13,36,1.5261237621307373,0.0879097653520657,0.21999999999999886,2
the,124.672,124.792,0.1200000000000045,31,14,36,2.285691261291504,0.13175985811449242,0.03999999999999204,3
life's,124.912,125.212,0.2999999999999971,31,15,36,7.134174823760986,0.4116644804242849,0.12000000000000455,6
"messy,",125.332,125.773,0.4410000000000025,31,16,36,6.2484331130981445,0.3605303070703306,0.11999999999999034,6
love,126.953,127.173,0.2199999999999988,31,17,36,8.827484130859375,0.5094198086522361,1.1800000000000068,4
it.,127.213,127.333,0.1200000000000045,31,18,36,5.0611677169799805,0.29198906773225614,0.03999999999999204,3
And,128.853,128.933,0.079999999999984,32,0,36,3.513855314108155,0.20266219095915955,0.0,3
I'm,128.993,129.093,0.0999999999999943,32,1,36,2.3526155948638916,0.13562342289109913,0.060000000000002274,3
more,129.133,129.333,0.1999999999999886,32,2,36,6.149979591369629,0.3548465514260291,0.040000000000020464,4
of,129.353,129.393,0.039999999999992,32,3,36,3.076902151107788,0.177436734694151,0.020000000000010232,2
the,129.413,129.493,0.079999999999984,32,4,36,3.070312261581421,0.17705629810708715,0.020000000000010232,3
life's,129.533,129.794,0.2610000000000241,32,5,36,6.968626976013184,0.40210734628099687,0.03999999999999204,6
"messy,",129.874,130.254,0.3799999999999954,32,6,36,5.9214348793029785,0.34165258665587034,0.07999999999998408,6
clean,130.974,131.194,0.2199999999999988,32,7,36,7.688817977905273,0.44368422032382504,0.7199999999999989,5
it,131.234,131.294,0.0600000000000022,32,8,36,8.68249797821045,0.5010497082333172,0.040000000000020464,2
up.,131.414,131.554,0.1400000000000147,32,9,36,1.840091586112976,0.10603523572994514,0.11999999999997613,3
organize,133.157,133.717,0.5600000000000023,33,0,36,3.513855314108155,0.20266219095915955,0.0,8
it,133.797,133.877,0.0800000000000125,33,1,36,4.381988525390625,0.25277981959248064,0.07999999999998408,2
and,133.997,134.057,0.0599999999999738,33,2,36,3.09871768951416,0.17869615322356233,0.12000000000000455,3
put,134.097,134.217,0.1200000000000045,33,3,36,3.6815221309661865,0.2123416539173941,0.040000000000020464,3
it,134.237,134.297,0.0600000000000022,33,4,36,0.4569021165370941,0.02618323229913918,0.01999999999998181,2
into,134.337,134.598,0.2610000000000241,33,5,36,2.041928768157959,0.11768736561354096,0.03999999999999204,4
a,134.618,134.638,0.0200000000000102,33,6,36,2.0020222663879395,0.1153835495519365,0.01999999999998181,1
bento,134.678,134.998,0.3199999999999932,33,7,36,6.281198978424072,0.36242189173603917,0.03999999999999204,5
box.,135.038,136.318,1.2800000000000011,33,8,36,0.7842546105384827,0.04508140427705108,0.040000000000020464,4
And,138.199,138.299,0.0999999999999943,34,0,36,3.513855314108155,0.20266219095915955,0.0,3
so,138.379,138.639,0.2600000000000193,34,1,36,4.205244064331055,0.24257630111483325,0.07999999999998408,2
to,138.779,138.919,0.1400000000000147,34,2,36,4.85580587387085,0.28013345795412853,0.13999999999998636,2
think,139.059,139.239,0.1800000000000068,34,3,36,5.86153507232666,0.33819455021373046,0.13999999999998636,5
that,139.259,139.339,0.0800000000000125,34,4,36,0.657410740852356,0.03775866408842096,0.01999999999998181,4
I,139.359,139.399,0.039999999999992,34,5,36,2.4533541202545166,0.14143909258208734,0.020000000000010232,1
had,139.439,139.539,0.0999999999999943,34,6,36,2.689854860305786,0.15509236158199718,0.03999999999999204,3
found,139.599,139.859,0.2600000000000193,34,7,36,4.804450988769531,0.2771687227884129,0.060000000000002274,5
my,139.899,140.059,0.1599999999999966,34,8,36,2.427431583404541,0.13994257562109996,0.03999999999999204,2
"way,",140.119,140.44,0.3209999999999979,34,9,36,2.872345209121704,0.16562759213447228,0.060000000000002274,4
to,140.46,140.5,0.039999999999992,34,10,36,2.6605894565582275,0.1534028597661899,0.020000000000010232,2
found,141.12,141.34,0.2199999999999988,34,11,36,6.968947410583496,0.4021258450788628,0.6200000000000045,5
a,141.38,141.42,0.039999999999992,34,12,36,1.5982695817947388,0.09207476831517719,0.03999999999999204,1
career,141.48,141.96,0.4800000000000182,34,13,36,4.831048488616943,0.2787042055952027,0.060000000000002274,6
that,142.46,142.62,0.1599999999999966,34,14,36,2.116406202316284,0.12198697348270131,0.5,4
takes,142.68,143.02,0.3400000000000034,34,15,36,6.4744367599487305,0.37357757527229374,0.060000000000002274,5
"me,",143.1,143.301,0.2009999999999934,34,16,36,2.800168752670288,0.1614608204990946,0.07999999999998408,3
and,143.361,143.521,0.1599999999999966,34,17,36,3.143656015396118,0.18129045822040493,0.060000000000002274,3
really,143.541,143.761,0.2199999999999988,34,18,36,5.928251266479492,0.34204609903011624,0.020000000000010232,6
one,143.821,143.901,0.0800000000000125,34,19,36,6.541576385498047,0.3774535689287166,0.060000000000002274,3
of,143.921,143.961,0.0400000000000204,34,20,36,1.6289827823638916,0.09384785193905051,0.01999999999998181,2
the,143.981,144.081,0.0999999999999943,34,21,36,0.39882412552833557,0.022830369918898738,0.01999999999998181,3
big,144.141,144.421,0.2800000000000011,34,22,36,6.330358505249023,0.36525988811399485,0.060000000000002274,3
sayings,144.501,145.021,0.5199999999999818,34,23,36,5.042363166809082,0.29090347458844645,0.0800000000000125,7
in,146.101,146.181,0.0800000000000125,34,24,36,1.5926014184951782,0.09174754329995086,1.0800000000000125,2
social,146.222,146.462,0.2399999999999806,34,25,36,8.070932388305664,0.46574381655514124,0.04099999999999682,6
work,146.482,146.622,0.1400000000000147,34,26,36,2.463611602783203,0.14203126057359416,0.020000000000010232,4
is,146.662,146.762,0.0999999999999943,34,27,36,0.882656455039978,0.05076217657727714,0.03999999999999204,2
lean,146.802,147.002,0.200000000000017,34,28,36,11.288572311401367,0.6514992751019146,0.03999999999999204,4
into,147.042,147.182,0.1399999999999863,34,29,36,4.664520263671875,0.26909047393939634,0.03999999999999204,4
the,147.202,147.262,0.0600000000000022,34,30,36,0.9616293907165527,0.055321311294027314,0.020000000000010232,3
discomfort,147.322,147.922,0.5999999999999943,34,31,36,6.630704879760742,0.3825989875327417,0.060000000000002274,10
of,148.182,148.262,0.0800000000000125,34,32,36,2.1320247650146484,0.12288863847481295,0.2599999999999909,2
the,148.302,148.382,0.0800000000000125,34,33,36,1.2232232093811035,0.07042321234586538,0.03999999999999204,3
work.,148.422,148.642,0.2199999999999988,34,34,36,2.2901124954223633,0.1320150974802852,0.03999999999999204,5
And,149.603,149.683,0.079999999999984,35,0,36,3.513855314108155,0.20266219095915955,0.0,3
I'm,149.743,149.863,0.1200000000000045,35,1,36,2.3526155948638916,0.13562342289109913,0.060000000000002274,3
"like,",149.903,150.083,0.1800000000000068,35,2,36,2.5941271781921387,0.14956596959543447,0.03999999999999204,5
you,150.103,150.183,0.079999999999984,35,3,36,4.040341377258301,0.2330564123190342,0.020000000000010232,3
"know,",150.203,150.363,0.1599999999999966,35,4,36,0.6500322222709656,0.03733269967498734,0.020000000000010232,5
knock,150.483,150.723,0.2400000000000091,35,5,36,10.48776912689209,0.6052686320531049,0.12000000000000455,5
discomfort,150.743,151.223,0.4800000000000182,35,6,36,17.325271606445312,1.0,0.01999999999998181,10
upside,151.263,151.563,0.2999999999999829,35,7,36,9.952374458312988,0.5743601138402512,0.03999999999999204,6
the,151.583,151.683,0.0999999999999943,35,8,36,0.13867227733135223,0.007811714317706441,0.020000000000010232,3
head,151.723,151.983,0.2599999999999909,35,9,36,0.02172820456326008,0.001060492807356575,0.040000000000020464,4
and,152.224,152.304,0.0800000000000125,35,10,36,1.9450645446777344,0.11209536070329758,0.24099999999998545,3
move,152.324,152.524,0.1999999999999886,35,11,36,3.989995002746582,0.2301498988162448,0.020000000000010232,4
it,152.564,152.624,0.0600000000000022,35,12,36,3.8487322330474854,0.22199475057461154,0.03999999999999204,2
over,152.724,152.944,0.2199999999999988,35,13,36,4.156245231628418,0.23974758166378354,0.09999999999999432,4
and,153.504,153.604,0.1000000000000227,35,14,36,2.3373966217041016,0.13474482634037385,0.5600000000000023,3
get,153.624,153.784,0.1599999999999966,35,15,36,2.9120523929595947,0.1679199015033566,0.01999999999998181,3
all,153.864,153.984,0.1200000000000045,35,16,36,5.660458087921143,0.3265863068011134,0.0800000000000125,3
A's.,154.084,154.304,0.2199999999999988,35,17,36,4.106197357177734,0.23685830067210137,0.09999999999999432,4
That,154.444,154.544,0.1000000000000227,36,0,36,3.513855314108155,0.20266219095915955,0.0,4
was,154.564,154.624,0.0600000000000022,36,1,36,3.2251980304718018,0.18599790677376532,0.01999999999998181,3
my,154.664,154.844,0.1800000000000068,36,2,36,3.3513078689575195,0.19327827108893586,0.03999999999999204,2
mantra.,154.864,155.085,0.2210000000000036,36,3,36,4.456796646118164,0.2570985181109267,0.020000000000010232,7
So,157.515,157.635,0.1200000000000045,37,0,36,3.513855314108155,0.20266219095915955,0.0,2
I,157.675,157.715,0.039999999999992,37,1,36,2.4345972537994385,0.14035625223557913,0.040000000000020464,1
was,157.755,157.855,0.0999999999999943,37,2,36,2.994398832321167,0.17267378974719286,0.03999999999999204,3
very,157.895,158.095,0.1999999999999886,37,3,36,3.604163646697998,0.20787572203527863,0.040000000000020464,4
excited,158.135,158.535,0.4000000000000057,37,4,36,2.4509103298187256,0.14129801172038675,0.03999999999999204,7
about,158.576,158.796,0.2199999999999988,37,5,36,2.2816920280456543,0.13152898100481772,0.04099999999999682,5
this.,158.836,159.096,0.2599999999999909,37,6,36,2.302548885345459,0.1327330545444829,0.040000000000020464,5
And,159.316,159.416,0.0999999999999943,38,0,36,3.513855314108155,0.20266219095915955,0.0,3
so,159.476,159.776,0.3000000000000113,38,1,36,4.205244064331055,0.24257630111483325,0.060000000000002274,2
I,159.976,160.036,0.0600000000000022,38,2,36,2.4366912841796875,0.1404771413290734,0.19999999999998863,1
"thought,",160.076,160.316,0.2400000000000091,38,3,36,2.5496978759765625,0.1470010507097851,0.03999999999999204,8
you,160.336,160.416,0.079999999999984,38,4,36,4.001956939697266,0.23084046554729284,0.020000000000010232,3
know,160.436,160.556,0.1200000000000045,38,5,36,0.09765522181987762,0.005443785606950633,0.020000000000010232,4
what?,160.596,160.837,0.2409999999999854,38,6,36,1.4716780185699463,0.0847665938652685,0.03999999999999204,5
This,161.177,161.317,0.1400000000000147,39,0,36,3.513855314108155,0.20266219095915955,0.0,4
is,161.377,161.437,0.0600000000000022,39,1,36,1.2546899318695068,0.07223979704909525,0.060000000000002274,2
the,161.457,161.517,0.0600000000000022,39,2,36,1.7967218160629272,0.10353148400033454,0.01999999999998181,3
career,161.577,161.797,0.2199999999999988,39,3,36,10.11042594909668,0.5834844807197742,0.060000000000002274,6
for,161.817,161.937,0.1200000000000045,39,4,36,4.391198635101318,0.25331152239126054,0.020000000000010232,3
me.,161.977,162.157,0.1800000000000068,39,5,36,1.7931201457977295,0.10332355833816088,0.03999999999999204,3
Because,162.477,162.697,0.2199999999999988,40,0,36,3.513855314108155,0.20266219095915955,0.0,7
I,162.878,162.938,0.0600000000000022,40,1,36,2.4812631607055664,0.1430502910786542,0.18099999999998317,1
am,163.058,163.158,0.0999999999999943,40,2,36,2.83323073387146,0.16336950003604533,0.12000000000000455,2
interested,163.218,163.578,0.3600000000000136,40,3,36,6.329112529754639,0.3651879575205073,0.060000000000002274,10
in,163.618,163.678,0.0600000000000022,40,4,36,0.08808533102273941,0.004891312522406523,0.03999999999999204,2
some,163.698,163.838,0.1399999999999863,40,5,36,5.8142266273498535,0.335463417427018,0.020000000000010232,4
messy,163.858,164.138,0.2800000000000011,40,6,36,10.719605445861816,0.6186526224209844,0.020000000000010232,5
topics.,164.178,164.678,0.5,40,7,36,4.137474536895752,0.2386639430060579,0.03999999999999204,7
But,165.199,165.299,0.0999999999999943,41,0,36,3.513855314108155,0.20266219095915955,0.0,3
I,165.339,165.399,0.0600000000000022,41,1,36,2.919903039932251,0.16837312205107144,0.03999999999999204,1
want,165.459,165.659,0.1999999999999886,41,2,36,4.075052738189697,0.23506031111464296,0.060000000000002274,4
to,165.679,165.759,0.079999999999984,41,3,36,0.445136159658432,0.025503979565000216,0.020000000000010232,2
be,165.799,165.879,0.079999999999984,41,4,36,2.400200128555298,0.1383704943741871,0.040000000000020464,2
able,165.939,166.099,0.1599999999999966,41,5,36,2.5886070728302,0.14924729201582923,0.060000000000002274,4
to,166.159,166.239,0.0800000000000125,41,6,36,0.011915814131498337,0.0004940201355672955,0.060000000000002274,2
make,166.279,166.439,0.1599999999999966,41,7,36,3.7941930294036865,0.21884618360510344,0.03999999999999204,4
them,166.479,166.639,0.1599999999999966,41,8,36,5.005228042602539,0.2887596511060037,0.040000000000020464,4
not,166.959,167.12,0.1610000000000013,41,9,36,6.060262680053711,0.34966716330330383,0.3199999999999932,3
messy.,167.18,167.52,0.3400000000000034,41,10,36,6.128391265869141,0.3536002499757593,0.060000000000002274,6
I,168.507,168.587,0.079999999999984,42,0,36,3.513855314108155,0.20266219095915955,0.0,1
want,168.627,168.827,0.1999999999999886,42,1,36,4.473450660705566,0.2580599600964399,0.040000000000020464,4
to,168.867,168.948,0.0810000000000172,42,2,36,0.42681482434272766,0.024446282580844345,0.03999999999999204,2
understand,169.048,169.548,0.5,42,3,36,5.729783535003662,0.33058848868583585,0.09999999999999432,10
them.,169.588,169.708,0.1200000000000045,42,4,36,3.460345506668091,0.1995730513862593,0.03999999999999204,5
I,169.788,169.848,0.0600000000000022,43,0,36,3.513855314108155,0.20266219095915955,0.0,1
want,169.888,170.049,0.1610000000000013,43,1,36,4.473450660705566,0.2580599600964399,0.03999999999999204,4
to,170.089,170.169,0.0800000000000125,43,2,36,0.42681482434272766,0.024446282580844345,0.03999999999999204,2
hack,170.289,170.569,0.2800000000000011,43,3,36,10.091510772705078,0.5823925010862252,0.11999999999997613,4
into,170.709,170.95,0.2409999999999854,43,4,36,2.235517978668213,0.12886333726590737,0.14000000000001478,4
these,170.99,171.17,0.1799999999999784,43,5,36,5.2790021896362305,0.30456472670053053,0.040000000000020464,5
things.,171.21,171.59,0.3799999999999954,43,6,36,2.183271884918213,0.12584715231862723,0.040000000000020464,7
I,171.61,171.63,0.0199999999999818,44,0,36,3.513855314108155,0.20266219095915955,0.0,1
know,171.89,172.071,0.1810000000000116,44,1,36,4.187721252441406,0.2415647031624872,0.2599999999999909,4
are,172.131,172.231,0.0999999999999943,44,2,36,8.160375595092773,0.470907403621356,0.060000000000002274,3
important,172.271,172.771,0.5,44,3,36,5.753453254699707,0.3319549497383151,0.03999999999999204,9
and,173.472,173.572,0.0999999999999943,44,4,36,2.848522186279297,0.16425228083866886,0.7010000000000218,3
lay,173.612,173.772,0.1599999999999966,44,5,36,11.376435279846191,0.6565716344655586,0.03999999999999204,3
the,173.812,173.892,0.079999999999984,44,6,36,1.7997896671295166,0.10370859209671819,0.040000000000020464,3
code,173.932,174.133,0.2010000000000218,44,7,36,10.416357040405273,0.6011459877584698,0.03999999999999204,4
out,174.193,174.293,0.0999999999999943,44,8,36,2.701024293899536,0.1557371768218947,0.060000000000002274,3
for,174.333,174.433,0.0999999999999943,44,9,36,1.6852360963821411,0.09709537508955339,0.03999999999999204,3
everyone,174.493,174.873,0.3799999999999954,44,10,36,3.5948219299316406,0.20733642151594664,0.060000000000002274,8
to,174.893,174.994,0.100999999999999,44,11,36,0.8037624955177307,0.04620760118105754,0.020000000000010232,2
see.,175.034,175.254,0.2199999999999988,44,12,36,1.5866948366165161,0.09140655429821715,0.03999999999999204,4
So,176.155,176.275,0.1200000000000045,45,0,36,3.513855314108155,0.20266219095915955,0.0,2
where,176.295,176.475,0.1800000000000068,45,1,36,7.047050476074219,0.4066347618908408,0.01999999999998181,5
I,176.535,176.595,0.0600000000000022,45,2,36,6.001931190490723,0.3462996663644094,0.060000000000002274,1
started,176.655,177.076,0.4209999999999922,45,3,36,4.845097541809082,0.27951526226413625,0.060000000000002274,7
was,177.496,177.636,0.1399999999999863,45,4,36,2.6540963649749756,0.15302801135764804,0.4200000000000159,3
with,177.676,177.836,0.160000000000025,45,5,36,2.25449538230896,0.12995890929993492,0.03999999999999204,4
connection,177.876,178.377,0.5010000000000048,45,6,36,10.914070129394531,0.629879135431806,0.03999999999999204,10
because,178.837,179.478,0.6410000000000196,45,7,36,7.5865797996521,0.4377819751577054,0.45999999999997954,7
by,179.638,179.758,0.1200000000000045,45,8,36,6.614287853240967,0.38165122694981685,0.1599999999999966,2
the,179.778,179.858,0.0800000000000125,45,9,36,1.2759976387023926,0.07346989828724589,0.01999999999998181,3
time,179.898,180.079,0.1810000000000116,45,10,36,0.2219458818435669,0.012619128124322431,0.03999999999999204,4
you're,180.119,180.279,0.1599999999999966,45,11,36,2.402620792388916,0.1385102401291965,0.03999999999999204,6
a,180.299,180.319,0.0199999999999818,45,12,36,2.7110037803649902,0.1563132960051339,0.020000000000010232,1
social,180.339,180.579,0.2400000000000091,45,13,36,7.677998065948486,0.4430595830881473,0.020000000000010232,6
worker,180.619,180.879,0.2599999999999909,45,14,36,0.8358336687088013,0.04805908103108024,0.03999999999999204,6
for,180.899,181.08,0.1810000000000116,45,15,36,6.105543613433838,0.3522812471487575,0.020000000000010232,3
10,181.1,181.14,0.039999999999992,45,16,36,3.9483723640441895,0.22774700957976027,0.01999999999998181,2
"years,",181.86,182.181,0.3209999999999979,45,17,36,0.4645070731639862,0.02662226905875818,0.7200000000000273,6
what,182.241,182.401,0.1599999999999966,45,18,36,4.965810775756836,0.2864840787447124,0.060000000000002274,4
you,182.441,182.581,0.1399999999999863,45,19,36,1.0833442211151123,0.0623479502819209,0.03999999999999204,3
realize,182.621,183.162,0.5409999999999968,45,20,36,4.964885711669922,0.2864306744770638,0.040000000000020464,7
is,183.982,184.083,0.100999999999999,45,21,36,0.19851802289485931,0.011266629775905816,0.8199999999999932,2
that,184.143,184.543,0.4000000000000057,45,22,36,0.5180940628051758,0.029715864386654134,0.060000000000002274,4
connection,184.963,185.404,0.4410000000000025,45,23,36,3.8000965118408203,0.21918699367501254,0.4199999999999875,10
is,185.444,185.524,0.0800000000000125,45,24,36,0.6572667360305786,0.03775035064057051,0.03999999999999204,2
why,185.564,185.704,0.1400000000000147,45,25,36,8.580806732177734,0.4951790376522455,0.03999999999999204,3
we're,185.744,185.904,0.1599999999999966,45,26,36,1.7753620147705078,0.10229837533113206,0.03999999999999204,5
here.,185.944,186.125,0.1810000000000116,45,27,36,0.8723820447921753,0.050169031342728314,0.03999999999999204,5
It's,186.965,187.086,0.1210000000000093,46,0,36,3.513855314108155,0.20266219095915955,0.0,4
what,187.146,187.286,0.1400000000000147,46,1,36,5.7573652267456055,0.3321807892289281,0.05999999999997385,4
gives,187.326,187.526,0.200000000000017,46,2,36,6.81799840927124,0.3934115073573944,0.03999999999999204,5
purpose,187.586,187.926,0.339999999999975,46,3,36,9.247379302978516,0.533660501241457,0.060000000000002274,7
and,187.966,188.026,0.0600000000000022,46,4,36,1.8024146556854248,0.1038601335881644,0.040000000000020464,3
meaning,188.066,188.327,0.2609999999999957,46,5,36,1.1297612190246582,0.06502761952308225,0.03999999999999204,7
to,188.387,188.487,0.0999999999999943,46,6,36,0.0986853837966919,0.00550325721190153,0.060000000000002274,2
our,188.567,188.667,0.0999999999999943,46,7,36,1.8762470483779907,0.10812250299182906,0.0800000000000125,3
lives.,188.687,189.027,0.339999999999975,46,8,36,0.7069209814071655,0.040616907290529,0.020000000000010232,6
This,190.202,190.542,0.3400000000000034,47,0,36,3.513855314108155,0.20266219095915955,0.0,4
is,190.763,190.983,0.2199999999999988,47,1,36,1.2546899318695068,0.07223979704909525,0.22100000000000364,2
what,191.023,191.143,0.1200000000000045,47,2,36,3.3304762840270996,0.19207565653184047,0.03999999999999204,4
it's,191.163,191.283,0.1199999999999761,47,3,36,2.7089719772338867,0.15619599931211806,0.020000000000010232,4
all,191.343,191.484,0.1410000000000195,47,4,36,1.7832425832748413,0.10275332325915358,0.060000000000002274,3
about.,191.524,191.804,0.2800000000000011,47,5,36,0.5725815892219543,0.03286144801208676,0.03999999999999204,6
It,191.924,191.984,0.0600000000000022,48,0,36,3.513855314108155,0.20266219095915955,0.0,2
doesn't,192.004,192.204,0.200000000000017,48,1,36,2.0709080696105957,0.11936035064553939,0.01999999999998181,7
matter,192.244,192.405,0.1610000000000013,48,2,36,1.5076682567596436,0.0868443226845028,0.03999999999999204,6
whether,192.445,192.625,0.1800000000000068,48,3,36,2.762866258621216,0.1593073346981237,0.03999999999999204,7
you,192.645,192.765,0.1199999999999761,48,4,36,1.1404359340667725,0.06564387449097696,0.020000000000010232,3
talk,192.785,192.965,0.1800000000000068,48,5,36,5.964137077331543,0.3441177992232603,0.020000000000010232,4
to,192.985,193.045,0.0599999999999738,48,6,36,1.5348734855651855,0.08841488989289986,0.020000000000010232,2
people,193.085,193.286,0.2009999999999934,48,7,36,2.946101188659668,0.16988555018046134,0.040000000000020464,6
who,193.306,193.386,0.079999999999984,48,8,36,1.7515265941619873,0.10092234830803025,0.020000000000010232,3
work,193.426,193.546,0.1200000000000045,48,9,36,3.502779006958008,0.20202275194085542,0.03999999999999204,4
in,193.586,193.646,0.0599999999999738,48,10,36,0.841393768787384,0.04838006751942211,0.040000000000020464,2
social,193.686,193.967,0.2810000000000059,48,11,36,6.3532538414001465,0.3665816437382981,0.040000000000020464,6
justice,194.007,194.387,0.3799999999999954,48,12,36,3.4781079292297363,0.20059848214504525,0.03999999999999204,7
and,194.427,194.507,0.0800000000000125,48,13,36,3.247046947479248,0.1872592522612877,0.03999999999999204,3
mental,194.527,194.767,0.2400000000000091,48,14,36,7.029314041137695,0.40561083140658416,0.01999999999998181,6
health,194.808,195.128,0.3199999999999932,48,15,36,0.02754802070558071,0.0013964727933130487,0.04099999999999682,6
and,195.689,195.769,0.0800000000000125,48,16,36,2.794718027114868,0.161146148239563,0.561000000000007,3
abuse,195.809,196.089,0.2800000000000011,48,17,36,6.620416641235352,0.38200504398697543,0.03999999999999204,5
and,196.149,196.229,0.0800000000000125,48,18,36,1.512959599494934,0.08714979371905424,0.060000000000002274,3
"neglect,",196.269,196.71,0.4410000000000025,48,19,36,3.066368579864502,0.17682862800626864,0.03999999999999204,8
what,196.77,196.91,0.1399999999999863,48,20,36,4.731846332550049,0.272977231033268,0.060000000000002274,4
we,196.95,197.07,0.1200000000000045,48,21,36,2.751469135284424,0.15864937485111164,0.03999999999999204,2
know,197.11,197.351,0.2409999999999854,48,22,36,2.2075726985931396,0.12725004664339143,0.040000000000020464,4
is,197.891,197.971,0.0800000000000125,48,23,36,0.24255068600177765,0.013808650549501846,0.539999999999992,2
that,198.031,198.171,0.1399999999999863,48,24,36,0.28516685962677,0.01626889689851009,0.060000000000002274,4
"connection,",198.252,198.812,0.5600000000000023,48,25,36,6.959234237670898,0.4015651002685523,0.08100000000001728,11
the,199.153,199.233,0.0800000000000125,48,26,36,2.2457094192504883,0.12945169263315165,0.34099999999997976,3
ability,199.293,199.613,0.3199999999999932,48,27,36,3.872347116470337,0.22335804591019404,0.060000000000002274,7
to,199.633,199.693,0.0600000000000022,48,28,36,0.08165264129638672,0.004519951133821395,0.020000000000010232,2
feel,199.733,199.914,0.1809999999999831,48,29,36,3.3501973152160645,0.1932141584397845,0.03999999999999204,4
connected,199.934,200.434,0.5,48,30,36,0.7835216522216797,0.04503909034153079,0.020000000000010232,9
is,202.076,202.296,0.2199999999999988,48,31,36,4.432503700256348,0.2556960779977172,1.641999999999996,2
"neurobiologically,",202.316,204.119,1.8029999999999973,48,32,36,4.689289093017578,0.27052038696967456,0.020000000000010232,18
that's,204.199,204.359,0.1599999999999966,48,33,36,2.6335363388061523,0.15184107398118454,0.0800000000000125,6
how,204.399,204.499,0.0999999999999943,48,34,36,3.279374122619629,0.1891255111918227,0.03999999999999204,3
we're,204.519,204.679,0.1599999999999966,48,35,36,1.5031452178955078,0.0865832060964714,0.020000000000010232,5
"wired,",204.699,205.06,0.36099999999999,48,36,36,1.2443277835845947,0.07164158666751172,0.020000000000010232,6
it's,205.1,205.2,0.0999999999999943,48,37,36,1.5802665948867798,0.09103544969400529,0.03999999999999204,4
why,205.24,205.42,0.1799999999999784,48,38,36,4.365638732910156,0.25183594045375085,0.040000000000020464,3
we're,205.46,205.62,0.1599999999999966,48,39,36,0.789975643157959,0.045411681456285435,0.040000000000020464,5
here.,205.66,205.861,0.2009999999999934,48,40,36,1.408764123916626,0.08113455310570233,0.03999999999999204,5
So,206.461,206.561,0.0999999999999943,49,0,36,3.513855314108155,0.20266219095915955,0.0,2
I,206.601,206.642,0.0409999999999968,49,1,36,2.4345972537994385,0.14035625223557913,0.03999999999999204,1
"thought,",206.662,206.842,0.1800000000000068,49,2,36,2.5970325469970703,0.14973369753501337,0.020000000000010232,8
you,206.862,206.942,0.0800000000000125,49,3,36,4.11137580871582,0.23715725445904157,0.01999999999998181,3
know,206.962,207.062,0.1000000000000227,49,4,36,0.16331590712070465,0.009234399534569946,0.01999999999998181,4
"what,",207.082,207.242,0.1599999999999966,49,5,36,1.462101697921753,0.08421374958321326,0.01999999999998181,5
I'm,207.302,207.382,0.0800000000000125,49,6,36,1.2944759130477905,0.07453665541552024,0.060000000000002274,3
gonna,207.402,207.523,0.1210000000000093,49,7,36,1.8711743354797363,0.10782965353290488,0.01999999999998181,5
start,207.563,207.763,0.200000000000017,49,8,36,4.4488301277160645,0.2566386082657693,0.03999999999999204,5
with,207.783,207.903,0.1200000000000045,49,9,36,3.4027669429779053,0.19624902111675518,0.01999999999998181,4
connection.,207.943,208.364,0.4209999999999922,49,10,36,7.166362762451172,0.41352270118669954,0.040000000000020464,11
"Well,",210.142,210.262,0.1200000000000045,50,0,36,3.513855314108155,0.20266219095915955,0.0,5
you,210.282,210.342,0.0600000000000022,50,1,36,3.2033605575561523,0.18473722195759532,0.020000000000010232,3
know,210.382,210.803,0.4209999999999922,50,2,36,1.8140385150909424,0.10453118298634496,0.03999999999999204,4
that,211.344,211.504,0.1599999999999966,50,3,36,3.9302635192871094,0.2267015797485791,0.5409999999999968,4
situation,211.564,212.065,0.5010000000000048,50,4,36,7.670562744140625,0.4426303394049283,0.060000000000002274,9
where,212.105,212.225,0.1200000000000045,50,5,36,1.8171863555908203,0.10471290890020184,0.03999999999999204,5
you,212.245,212.325,0.079999999999984,50,6,36,0.9159740805625916,0.052685614548760404,0.020000000000010232,3
get,212.345,212.425,0.0800000000000125,50,7,36,3.252248764038086,0.1875595549189056,0.020000000000010232,3
an,212.465,212.525,0.0600000000000022,50,8,36,3.5536088943481445,0.2049571788082818,0.03999999999999204,2
evaluation,212.545,213.186,0.6410000000000196,50,9,36,7.6711907386779785,0.44266659374538875,0.01999999999998181,10
from,213.226,213.347,0.1210000000000093,50,10,36,2.271078109741211,0.1309162358534824,0.03999999999999204,4
your,213.387,213.507,0.1200000000000045,50,11,36,2.124180316925049,0.1224357757907473,0.03999999999999204,4
boss.,213.547,214.949,1.4020000000000152,50,12,36,3.7991507053375244,0.2191323919405378,0.03999999999999204,5
And,214.969,215.029,0.0600000000000022,51,0,36,3.513855314108155,0.20266219095915955,0.0,3
she,215.089,215.209,0.1200000000000045,51,1,36,5.4300432205200195,0.3132843773207908,0.060000000000002274,3
tells,215.249,215.45,0.2009999999999934,51,2,36,6.285526752471924,0.3626717356191211,0.03999999999999204,5
you,215.47,215.55,0.0800000000000125,51,3,36,3.1396217346191406,0.18105755780471364,0.020000000000010232,3
37,215.89,216.051,0.1610000000000013,51,4,36,13.37626838684082,0.7720226870026627,0.339999999999975,2
things,216.071,216.231,0.1599999999999966,51,5,36,3.2080941200256348,0.18501049214571275,0.020000000000010232,6
that,216.251,216.351,0.0999999999999943,51,6,36,1.621577262878418,0.09342032875414494,0.020000000000010232,4
you,216.371,216.451,0.079999999999984,51,7,36,1.5124233961105347,0.08711883851339915,0.020000000000010232,3
do,216.491,216.571,0.079999999999984,51,8,36,4.545412063598633,0.26221431661598793,0.040000000000020464,2
really,216.611,216.832,0.2210000000000036,51,9,36,6.575577735900879,0.3794164785725064,0.03999999999999204,6
awesome.,216.972,217.292,0.3199999999999932,51,10,36,5.550634860992432,0.32024617416824813,0.14000000000001478,8
And,217.312,217.393,0.0809999999999888,52,0,36,3.513855314108155,0.20266219095915955,0.0,3
one,217.493,217.593,0.0999999999999943,52,1,36,5.932107925415039,0.3422687452758595,0.09999999999999432,3
thing,217.633,217.813,0.1799999999999784,52,2,36,2.9680981636047363,0.17115544310360478,0.040000000000020464,5
that,217.833,217.953,0.1200000000000045,52,3,36,1.66321861743927,0.0958242984635703,0.020000000000010232,4
you,217.973,218.074,0.100999999999999,52,4,36,3.6593551635742188,0.21106194727187091,0.020000000000010232,3
"can't,",218.094,218.274,0.1800000000000068,52,5,36,3.081561326980591,0.1777057105184781,0.01999999999998181,6
you,218.314,218.374,0.0600000000000022,52,6,36,2.385591983795166,0.13752716115689373,0.03999999999999204,3
"know,",218.394,218.494,0.0999999999999943,52,7,36,0.7952728867530823,0.04571749314950292,0.020000000000010232,5
an,218.514,218.554,0.039999999999992,52,8,36,6.82795524597168,0.3939863189619154,0.020000000000010232,2
opportunity,218.614,219.075,0.4609999999999843,52,9,36,6.4395751953125,0.37156500516518537,0.060000000000002274,11
for,219.095,219.195,0.0999999999999943,52,10,36,2.5317587852478027,0.1459654208369972,0.020000000000010232,3
growth.,219.235,219.516,0.2809999999999775,52,11,36,4.397089958190918,0.25365163049785777,0.040000000000020464,7
And,222.284,222.364,0.0800000000000125,53,0,36,3.513855314108155,0.20266219095915955,0.0,3
all,222.404,222.544,0.1400000000000147,53,1,36,5.5584869384765625,0.320699477299882,0.03999999999999204,3
you,222.564,222.644,0.0800000000000125,53,2,36,4.2732744216918945,0.2465037170248477,0.01999999999998181,3
can,222.664,222.764,0.1000000000000227,53,3,36,2.582460880279541,0.1488924702076556,0.01999999999998181,3
think,222.804,222.944,0.1399999999999863,53,4,36,3.2984042167663574,0.19022412506686837,0.03999999999999204,5
about,222.984,223.185,0.2009999999999934,53,5,36,0.6376398205757141,0.03661728206630025,0.040000000000020464,5
is,223.245,223.305,0.0600000000000022,53,6,36,0.23907770216464996,0.013608153999045539,0.060000000000002274,2
that,223.325,223.465,0.1400000000000147,53,7,36,3.1447486877441406,0.18135353857056824,0.01999999999998181,4
opportunity,223.525,223.965,0.4399999999999977,53,8,36,7.947412490844727,0.4586129704254003,0.060000000000002274,11
for,224.005,224.105,0.0999999999999943,53,9,36,3.4088499546051025,0.19660019546850435,0.03999999999999204,3
"growth,",224.125,224.445,0.3199999999999932,53,10,36,3.218291759490967,0.18559920537660618,0.020000000000010232,7
right?,224.786,225.046,0.2599999999999909,53,11,36,2.828407049179077,0.16309102706102813,0.3410000000000082,6
"Well,",225.746,226.006,0.2599999999999909,54,0,36,3.513855314108155,0.20266219095915955,0.0,5
apparently,226.186,226.687,0.5010000000000048,54,1,36,7.220773696899414,0.4166638631314667,0.18000000000000682,10
this,226.847,226.987,0.1399999999999863,54,2,36,3.5589261054992676,0.20526414323536926,0.1599999999999966,4
is,227.027,227.087,0.0600000000000022,54,3,36,1.1363126039505005,0.06540583322632516,0.03999999999999204,2
the,227.127,227.207,0.079999999999984,54,4,36,1.8738586902618408,0.10798462225699143,0.040000000000020464,3
way,227.227,227.347,0.1200000000000045,54,5,36,3.400559902191162,0.1961216078936564,0.020000000000010232,3
my,227.427,227.527,0.0999999999999943,54,6,36,5.451983451843262,0.3145509944151455,0.07999999999998408,2
work,227.567,227.747,0.1800000000000068,54,7,36,5.7430830001831055,0.3313562713811903,0.040000000000020464,4
went,227.787,227.968,0.1809999999999831,54,8,36,4.343565940856934,0.2505616705828981,0.03999999999999204,4
as,228.108,228.188,0.079999999999984,54,9,36,5.963596343994141,0.3440865825018616,0.14000000000001478,2
well.,228.248,228.508,0.2600000000000193,54,10,36,0.6331464052200317,0.03635787565359238,0.060000000000002274,5
Because,228.628,229.048,0.4200000000000159,55,0,36,3.513855314108155,0.20266219095915955,0.0,7
when,229.248,229.428,0.1800000000000068,55,1,36,6.038983345031738,0.3484386999795476,0.19999999999998863,4
you,229.468,229.609,0.1410000000000195,55,2,36,1.264064908027649,0.072781017644545,0.03999999999999204,3
ask,229.809,230.009,0.1999999999999886,55,3,36,5.2541632652282715,0.3031307670582192,0.19999999999998863,3
people,230.069,230.329,0.2600000000000193,55,4,36,2.3662827014923096,0.13641242965364792,0.060000000000002274,6
about,230.369,230.569,0.1999999999999886,55,5,36,2.386507034301758,0.13757998733710902,0.03999999999999204,5
"love,",230.609,230.929,0.3199999999999932,55,6,36,3.5333635807037354,0.203788409894008,0.040000000000020464,5
they,231.81,231.97,0.1599999999999966,55,7,36,1.095201015472412,0.06303244709491918,0.8810000000000002,4
tell,232.01,232.21,0.200000000000017,55,8,36,3.3435611724853516,0.19283105163933822,0.03999999999999204,4
you,232.25,232.37,0.1200000000000045,55,9,36,0.06933780014514923,0.003809011121994983,0.03999999999999204,3
about,232.47,232.67,0.1999999999999886,55,10,36,2.3375566005706787,0.1347540619753203,0.09999999999999432,5
heartbreak.,232.71,233.171,0.4609999999999843,55,11,36,3.1468467712402344,0.18147466165183312,0.040000000000020464,11
When,233.391,233.511,0.1200000000000045,56,0,36,3.513855314108155,0.20266219095915955,0.0,4
you,233.531,233.631,0.0999999999999943,56,1,36,1.9279166460037231,0.11110540661973439,0.020000000000010232,3
ask,233.711,233.871,0.1599999999999966,56,2,36,5.059575080871582,0.29189712430238685,0.0800000000000125,3
people,233.891,234.171,0.2800000000000011,56,3,36,2.9445903301239014,0.16979832779796408,0.01999999999998181,6
about,234.291,234.692,0.4010000000000104,56,4,36,2.1298608779907227,0.12276371653327202,0.12000000000000455,5
"belonging,",235.152,235.692,0.5400000000000205,56,5,36,6.024590969085693,0.34760782317004335,0.45999999999997954,10
they'll,236.132,236.353,0.2210000000000036,56,6,36,1.996948480606079,0.11509063815507305,0.4399999999999977,7
tell,236.373,236.533,0.1599999999999966,56,7,36,1.6854088306427002,0.09710534709777797,0.01999999999998181,4
you,236.553,236.633,0.0800000000000125,56,8,36,0.003750791307538748,2.265056191709536e-05,0.020000000000010232,3
their,236.673,236.773,0.0999999999999943,56,9,36,4.409381866455078,0.254361246586232,0.03999999999999204,5
most,236.813,236.973,0.160000000000025,56,10,36,3.780405044555664,0.21805019850139543,0.03999999999999204,4
excruciating,237.113,237.834,0.7210000000000036,56,11,36,10.085247993469238,0.5820309486886495,0.13999999999998636,12
experiences,237.954,238.634,0.6799999999999784,56,12,36,2.0414040088653564,0.11765707107923822,0.12000000000000455,11
of,238.814,238.894,0.0800000000000125,56,13,36,2.029921293258667,0.11699416996107001,0.18000000000000682,2
being,238.954,239.174,0.2199999999999988,56,14,36,1.5463236570358276,0.08907591222690982,0.060000000000002274,5
excluded.,239.234,239.735,0.5010000000000048,56,15,36,2.142167091369629,0.12347415846083669,0.060000000000002274,9
And,240.175,240.235,0.0600000000000022,57,0,36,3.513855314108155,0.20266219095915955,0.0,3
when,240.275,240.355,0.079999999999984,57,1,36,4.081986427307129,0.23546059537025044,0.03999999999999204,4
you,240.375,240.495,0.1200000000000045,57,2,36,2.113558292388916,0.12182256266387072,0.020000000000010232,3
ask,240.575,240.775,0.200000000000017,57,3,36,4.660757064819336,0.268873223176364,0.07999999999998408,3
people,240.795,241.076,0.2810000000000059,57,4,36,3.2576138973236084,0.18786928590728108,0.01999999999998181,6
about,241.196,241.476,0.2800000000000011,57,5,36,2.041508674621582,0.11766311346931496,0.12000000000000455,5
"connection,",241.556,242.176,0.6199999999999761,57,6,36,6.048553466796875,0.3489911863979536,0.0800000000000125,11
the,242.656,242.757,0.100999999999999,57,7,36,3.0258378982543945,0.17448877782798788,0.4800000000000182,3
stories,242.797,243.157,0.3600000000000136,57,8,36,6.613076686859131,0.38158130589835937,0.03999999999999204,7
they,243.177,243.317,0.1400000000000147,57,9,36,1.1828047037124634,0.06808983812323634,0.01999999999998181,4
told,243.377,243.557,0.1799999999999784,57,10,36,6.449959754943848,0.3721645093615006,0.060000000000002274,4
me,243.597,243.677,0.079999999999984,57,11,36,1.4177887439727783,0.0816555475229795,0.040000000000020464,2
were,243.717,243.877,0.1599999999999966,57,12,36,1.1792428493499756,0.0678842110468094,0.040000000000020464,4
about,243.897,244.097,0.200000000000017,57,13,36,2.376540184020996,0.1370045976451547,0.01999999999998181,5
disconnection.,244.137,244.838,0.7009999999999934,57,14,36,2.665257692337036,0.15367235862200432,0.03999999999999204,14
So,246.239,246.399,0.1599999999999966,58,0,36,3.513855314108155,0.20266219095915955,0.0,2
very,246.479,246.739,0.2599999999999909,58,1,36,7.439342498779297,0.4292819151781838,0.0800000000000125,4
"quickly,",246.799,247.119,0.3199999999999932,58,2,36,2.0918922424316406,0.1205717741539995,0.060000000000002274,8
really,247.159,247.399,0.2400000000000091,58,3,36,8.444002151489258,0.48728126219431367,0.03999999999999204,6
about,247.439,247.619,0.1800000000000068,58,4,36,7.336976051330566,0.4233722649873233,0.03999999999999204,5
six,247.68,247.86,0.1800000000000068,58,5,36,4.276566028594971,0.24669374262256852,0.06100000000000705,3
weeks,247.9,248.1,0.1999999999999886,58,6,36,2.1596999168395996,0.12448633450061605,0.03999999999999204,5
into,248.14,248.3,0.160000000000025,58,7,36,3.4306933879852295,0.19786122438433706,0.03999999999999204,4
this,248.34,248.46,0.1200000000000045,58,8,36,2.563100814819336,0.14777480697528372,0.03999999999999204,4
"research,",248.52,248.94,0.4199999999999875,58,9,36,3.4689319133758545,0.20006874759633592,0.060000000000002274,9
I,249.14,249.2,0.0600000000000022,58,10,36,1.3177303075790405,0.07587913960350358,0.19999999999998863,1
ran,249.24,249.461,0.2210000000000036,58,11,36,5.380871772766113,0.31044569274350975,0.040000000000020464,3
into,249.501,249.861,0.3599999999999852,58,12,36,0.778958261013031,0.044775644198783,0.03999999999999204,4
this,250.001,250.181,0.1800000000000068,58,13,36,2.4228057861328125,0.13967552675488387,0.14000000000001478,4
unnamed,250.361,250.841,0.4800000000000182,58,14,36,12.974119186401367,0.7488064754571588,0.1799999999999784,7
thing.,250.922,251.182,0.2599999999999909,58,15,36,4.040989875793457,0.23309385036233427,0.08099999999998886,6
that,251.927,252.067,0.1400000000000147,59,0,36,3.513855314108155,0.20266219095915955,0.0,4
absolutely,252.227,252.767,0.539999999999992,59,1,36,9.831110000610352,0.56735947502287,0.1599999999999966,10
unravelled,252.928,253.488,0.5600000000000023,59,2,36,5.006250858306885,0.2888186986081203,0.16100000000000136,10
connection,253.548,254.028,0.4799999999999897,59,3,36,13.07762622833252,0.7547819725594707,0.060000000000002274,10
in,255.309,255.389,0.0800000000000125,59,4,36,4.2205586433410645,0.243460417024148,1.281000000000006,2
a,255.429,255.449,0.0200000000000102,59,5,36,2.077436685562134,0.11973724988807084,0.03999999999999204,1
way,255.489,255.609,0.1200000000000045,59,6,36,1.893229365348816,0.10910289798676288,0.03999999999999204,3
that,255.649,255.749,0.0999999999999943,59,7,36,0.31097373366355896,0.017758736605543078,0.03999999999999204,4
I,255.849,255.909,0.0600000000000022,59,8,36,2.3049778938293457,0.13287328203902002,0.09999999999999432,1
didn't,255.929,256.109,0.1799999999999784,59,9,36,1.339559555053711,0.07713934956213908,0.020000000000010232,6
understand,256.149,256.63,0.4809999999999945,59,10,36,3.521233081817627,0.20308811202449928,0.040000000000020464,10
or,256.69,256.75,0.0600000000000022,59,11,36,4.157732009887695,0.23983341388364354,0.060000000000002274,2
had,256.79,256.89,0.0999999999999659,59,12,36,4.729056358337402,0.2728161648631587,0.040000000000020464,3
never,256.93,257.15,0.2199999999999704,59,13,36,3.0992302894592285,0.1787257457945532,0.040000000000020464,5
seen.,257.21,257.49,0.2800000000000295,59,14,36,2.998265266418457,0.17289700031638297,0.060000000000002274,5
And,258.231,258.331,0.1000000000000227,60,0,36,3.513855314108155,0.20266219095915955,0.0,3
so,258.371,258.511,0.1400000000000432,60,1,36,4.205244064331055,0.24257630111483325,0.03999999999996362,2
I,258.571,258.651,0.079999999999984,60,2,36,2.4366912841796875,0.1404771413290734,0.060000000000002274,1
pulled,258.691,258.911,0.2200000000000272,60,3,36,7.062211990356445,0.4075100413208178,0.03999999999996362,6
back,258.951,259.091,0.1399999999999863,60,4,36,3.5606417655944824,0.20536318888227634,0.040000000000020464,4
out,259.131,259.211,0.0800000000000409,60,5,36,4.762049674987793,0.2747208803719953,0.03999999999996362,3
of,259.231,259.271,0.0400000000000204,60,6,36,0.7171817421913147,0.041209264536850275,0.01999999999998181,2
the,259.291,259.371,0.079999999999984,60,7,36,0.5270070433616638,0.03023041381724922,0.01999999999998181,3
research,259.411,259.752,0.3410000000000082,60,8,36,9.53292179107666,0.550144967209988,0.040000000000020464,8
and,259.812,259.872,0.0600000000000022,60,9,36,1.645310878753662,0.0947904785550081,0.060000000000002274,3
"thought,",259.892,260.132,0.2400000000000091,60,10,36,2.6989898681640625,0.15561972872502727,0.01999999999998181,8
I,260.172,260.212,0.0399999999999636,60,11,36,2.838057518005371,0.16364815194288715,0.040000000000020464,1
need,260.252,260.372,0.1200000000000045,60,12,36,3.071195602416992,0.17710729367709696,0.040000000000020464,4
to,260.392,260.452,0.0600000000000022,60,13,36,0.12507319450378418,0.0070266345925580525,0.01999999999998181,2
figure,260.472,260.672,0.2000000000000454,60,14,36,3.5455727577209473,0.2044932498790642,0.01999999999998181,6
out,260.692,260.772,0.079999999999984,60,15,36,0.12102831155061722,0.006793122109591758,0.01999999999998181,3
what,260.792,260.892,0.1000000000000227,60,16,36,1.2589364051818848,0.07248494741277811,0.01999999999998181,4
this,260.932,261.072,0.1399999999999863,60,17,36,2.584433078765869,0.1490063259040446,0.040000000000020464,4
is.,261.212,261.433,0.2210000000000036,60,18,36,1.5079342126846313,0.08685967641145179,0.13999999999998636,3
And,262.533,262.733,0.1999999999999886,61,0,36,3.513855314108155,0.20266219095915955,0.0,3
it,262.933,263.013,0.079999999999984,61,1,36,3.3685250282287598,0.19427222361057947,0.19999999999998863,2
turned,263.053,263.274,0.2210000000000036,61,2,36,6.42185115814209,0.37054179040822705,0.040000000000020464,6
out,263.334,263.434,0.1000000000000227,61,3,36,0.10481539368629456,0.005857144789490966,0.060000000000002274,3
to,263.474,263.574,0.1000000000000227,61,4,36,1.2891225814819336,0.07422760574447688,0.03999999999996362,2
be,263.614,263.794,0.1800000000000068,61,5,36,0.03975960984826088,0.002101452031201466,0.03999999999996362,2
shame.,264.114,264.454,0.3400000000000318,61,6,36,6.884822845458984,0.3972693050236545,0.3199999999999932,6
And,266.335,266.395,0.0600000000000022,62,0,36,3.513855314108155,0.20266219095915955,0.0,3
shame,266.435,266.636,0.2010000000000218,62,1,36,10.968295097351074,0.6330095614670973,0.040000000000020464,5
is,266.696,266.776,0.079999999999984,62,2,36,3.42047119140625,0.19727109346283334,0.060000000000002274,2
really,266.816,267.056,0.2400000000000091,62,3,36,5.941110610961914,0.342788473406378,0.03999999999996362,6
easily,267.116,267.416,0.3000000000000113,62,4,36,9.522418975830078,0.549538636076365,0.060000000000002274,6
understood,267.516,268.076,0.5600000000000023,62,5,36,4.839938163757324,0.2792174095961167,0.10000000000002274,10
as,268.176,268.256,0.079999999999984,62,6,36,3.0799949169158936,0.17761528112712466,0.0999999999999659,2
the,268.297,268.397,0.0999999999999659,62,7,36,1.6654359102249146,0.0959523035380889,0.04100000000005366,3
fear,268.477,268.717,0.2400000000000091,62,8,36,4.146671295166016,0.2391948750215934,0.07999999999998408,4
of,268.737,268.797,0.0600000000000022,62,9,36,0.31239572167396545,0.01784082846206969,0.020000000000038654,2
disconnection.,268.837,269.517,0.6800000000000068,62,10,36,4.020366191864014,0.2319032380014733,0.03999999999996362,14
Is,270.378,270.458,0.0800000000000409,63,0,36,3.513855314108155,0.20266219095915955,0.0,2
there,270.498,270.658,0.160000000000025,63,1,36,3.9904043674468994,0.23017353158107798,0.03999999999996362,5
something,270.698,271.038,0.3400000000000318,63,2,36,3.31736421585083,0.19131869232988086,0.03999999999996362,9
about,271.098,271.438,0.339999999999975,63,3,36,2.976287364959717,0.1716282085121601,0.060000000000002274,5
me,271.538,271.779,0.2409999999999854,63,4,36,3.6009535789489746,0.20769040372094333,0.10000000000002274,2
that,272.279,272.399,0.1200000000000045,63,5,36,0.5598143935203552,0.032124393416610074,0.5,4
if,272.419,272.479,0.0600000000000022,63,6,36,8.085718154907227,0.4665974039423826,0.01999999999998181,2
other,272.579,272.739,0.1599999999999681,63,7,36,6.719632148742676,0.38773278933215455,0.10000000000002274,5
people,272.779,273.039,0.2599999999999909,63,8,36,0.33599424362182617,0.019203179244078116,0.040000000000020464,6
know,273.099,273.279,0.1800000000000068,63,9,36,3.5482499599456787,0.2046478056835555,0.060000000000002274,4
it,273.319,273.379,0.0600000000000022,63,10,36,3.258680820465088,0.18793087974690156,0.040000000000020464,2
or,273.46,273.54,0.0800000000000409,63,11,36,5.056281089782715,0.291706961064801,0.08099999999996044,2
see,273.64,273.84,0.1999999999999886,63,12,36,2.041808605194092,0.11768042856434123,0.0999999999999659,3
it?,273.9,273.98,0.0800000000000409,63,13,36,3.3395681381225586,0.1926005323933127,0.060000000000002274,3
that,274.843,274.983,0.1399999999999863,64,0,36,3.513855314108155,0.20266219095915955,0.0,4
I,275.183,275.263,0.079999999999984,64,1,36,4.300893306732178,0.24809816474983504,0.19999999999998863,1
won't,275.424,275.764,0.3400000000000318,64,2,36,3.039597988128662,0.17528315254527455,0.16100000000000136,5
be,276.765,276.885,0.1200000000000045,64,3,36,1.980872631072998,0.11416257383684025,1.0009999999999764,2
worthy,276.925,277.225,0.3000000000000113,64,4,36,9.232872009277344,0.5328229901904563,0.040000000000020464,6
of,277.305,277.365,0.0600000000000022,64,5,36,0.5416001081466675,0.031072876462396013,0.07999999999998408,2
connection.,277.446,277.926,0.4799999999999613,64,6,36,7.2056965827941895,0.4157934561527133,0.08100000000001728,11
The,278.667,278.767,0.1000000000000227,65,0,36,3.513855314108155,0.20266219095915955,0.0,3
things,278.787,278.987,0.2000000000000454,65,1,36,9.113483428955078,0.5259306464189152,0.01999999999998181,6
I,279.007,279.047,0.0400000000000204,65,2,36,1.7555718421936035,0.10115588186710088,0.01999999999998181,1
can,279.087,279.187,0.1000000000000227,65,3,36,3.7531204223632812,0.2164750478854914,0.03999999999996362,3
tell,279.227,279.367,0.1400000000000432,65,4,36,3.0984160900115967,0.17867874178063048,0.03999999999996362,4
you,279.387,279.467,0.079999999999984,65,5,36,0.13693682849407196,0.007711526259919257,0.01999999999998181,3
about,279.487,279.688,0.2009999999999649,65,6,36,1.5042290687561035,0.08664577717913392,0.020000000000038654,5
"it,",279.708,279.768,0.0599999999999454,65,7,36,2.476673126220703,0.14278530681041418,0.020000000000038654,3
it's,279.808,279.928,0.1200000000000045,65,8,36,1.4613738059997559,0.08417172813240625,0.040000000000020464,4
"universal,",280.008,280.508,0.5,65,9,36,5.918759346008301,0.3414981271992846,0.07999999999998408,10
we,280.849,280.949,0.1000000000000227,65,10,36,5.909450531005859,0.34096072611009065,0.3410000000000082,2
all,281.009,281.149,0.1399999999999863,65,11,36,2.35697078704834,0.13587484963262936,0.060000000000002274,3
have,281.189,281.369,0.1800000000000068,65,12,36,1.4601439237594604,0.08410072660800795,0.040000000000020464,4
it.,281.389,281.449,0.0600000000000022,65,13,36,1.395104169845581,0.08034595926274879,0.01999999999998181,3
The,281.489,281.569,0.0800000000000409,66,0,36,3.513855314108155,0.20266219095915955,0.0,3
only,281.609,281.73,0.1210000000000377,66,1,36,5.546803951263428,0.32002501443304765,0.03999999999996362,4
people,281.77,281.93,0.160000000000025,66,2,36,4.377248764038086,0.252506191540714,0.03999999999996362,6
who,281.95,282.01,0.0600000000000022,66,3,36,0.6901627779006958,0.039649450442912106,0.01999999999998181,3
don't,282.05,282.19,0.1399999999999863,66,4,36,1.6838968992233276,0.09701806277734146,0.040000000000020464,5
experience,282.21,282.61,0.4000000000000341,66,5,36,7.291592597961426,0.4207522626276714,0.01999999999998181,10
shame,282.63,282.851,0.2210000000000036,66,6,36,8.259048461914062,0.47660382213324437,0.01999999999998181,5
have,282.911,283.031,0.1200000000000045,66,7,36,5.400155067443848,0.31155892397222623,0.060000000000002274,4
no,283.071,283.191,0.1199999999999477,66,8,36,2.264739751815796,0.13055032027218383,0.040000000000020464,2
capacity,283.231,283.691,0.4599999999999795,66,9,36,5.797255992889404,0.334483696867423,0.040000000000020464,8
for,283.732,283.832,0.0999999999999659,66,10,36,0.7895486354827881,0.04538703015645072,0.04100000000005366,3
human,283.892,284.192,0.3000000000000113,66,11,36,7.020358085632324,0.4050938010174211,0.060000000000002274,5
empathy,284.732,285.073,0.3409999999999513,66,12,36,2.3169121742248535,0.1335622521476332,0.5400000000000205,7
or,285.133,285.213,0.0800000000000409,66,13,36,3.0140228271484375,0.1738066897126284,0.060000000000002274,2
connection.,285.253,285.713,0.4600000000000364,66,14,36,3.367415428161621,0.19420816601737415,0.03999999999996362,11
No,286.574,286.654,0.079999999999984,67,0,36,3.513855314108155,0.20266219095915955,0.0,2
one,286.694,286.774,0.079999999999984,67,1,36,2.3096842765808105,0.13314498313267562,0.040000000000020464,3
wants,286.814,286.955,0.1409999999999627,67,2,36,3.922194480895996,0.2262357513892235,0.040000000000020464,5
to,286.975,287.055,0.079999999999984,67,3,36,0.3437773585319519,0.019652501142614753,0.020000000000038654,2
talk,287.095,287.275,0.1799999999999499,67,4,36,3.968869686126709,0.22893032702777233,0.040000000000020464,4
about,287.315,287.535,0.2200000000000272,67,5,36,0.09714704751968384,0.005414448529959319,0.040000000000020464,5
it,287.595,287.655,0.0599999999999454,67,6,36,1.020128846168518,0.05869850496141617,0.060000000000002274,2
unless,287.715,288.036,0.3210000000000264,67,7,36,6.899845600128174,0.3981365738134842,0.060000000000002274,6
you,288.056,288.156,0.1000000000000227,67,8,36,1.4251906871795654,0.08208286424808747,0.01999999999998181,3
talk,288.176,288.336,0.160000000000025,67,9,36,4.443348407745361,0.2563221466879917,0.01999999999998181,4
about,288.356,288.496,0.1399999999999863,67,10,36,0.100534588098526,0.005610012411751046,0.01999999999998181,5
it,288.516,288.556,0.0399999999999636,67,11,36,0.03254103660583496,0.0016847213171536923,0.020000000000038654,2
the,288.576,288.656,0.079999999999984,67,12,36,7.247153282165527,0.41818676565458873,0.020000000000038654,3
more,288.676,288.776,0.1000000000000227,67,13,36,8.96109390258789,0.5171331466909692,0.01999999999998181,4
you,288.796,288.896,0.1000000000000227,67,14,36,0.8024039268493652,0.04612917054494189,0.01999999999998181,3
have,288.936,289.097,0.1610000000000013,67,15,36,3.783263683319092,0.21821522869961885,0.03999999999996362,4
it.,289.117,289.177,0.0600000000000022,67,16,36,1.8639652729034424,0.10741347187288139,0.020000000000038654,3
What,292.16,292.38,0.2199999999999704,68,0,36,3.513855314108155,0.20266219095915955,0.0,4
underpinned,293.12,293.861,0.7409999999999854,68,1,36,7.307793140411377,0.42168752551084754,0.7400000000000091,11
this,294.302,294.482,0.1800000000000068,68,2,36,2.075981378555298,0.11965323451442983,0.4410000000000309,4
"shame,",294.582,294.982,0.4000000000000341,68,3,36,7.351311683654785,0.4241998659680387,0.0999999999999659,6
this,295.202,295.363,0.1610000000000013,68,4,36,3.1675195693969727,0.18266810939391462,0.21999999999997044,4
I'm,295.503,295.663,0.160000000000025,68,5,36,5.925207138061523,0.34187036045039004,0.13999999999998636,3
not,295.703,295.903,0.2000000000000454,68,6,36,2.118774175643921,0.12212367739669257,0.03999999999996362,3
good,295.943,296.103,0.160000000000025,68,7,36,4.349533557891846,0.25090618316517765,0.03999999999996362,4
"enough,",296.163,296.464,0.3009999999999877,68,8,36,0.5187152624130249,0.029751726453499102,0.060000000000002274,7
which,297.324,297.445,0.1209999999999809,68,9,36,6.933998107910156,0.4001082098247197,0.8600000000000136,5
we,297.485,297.585,0.0999999999999659,68,10,36,4.107058048248291,0.236907988663393,0.040000000000020464,2
all,297.645,297.785,0.1400000000000432,68,11,36,2.131448984146118,0.12285539844739764,0.060000000000002274,3
know,297.825,297.965,0.1399999999999863,68,12,36,2.088224411010742,0.12036002898557005,0.03999999999996362,4
that,298.005,298.145,0.1399999999999863,68,13,36,3.9623160362243652,0.2285519825666576,0.040000000000020464,4
"feeling,",298.205,298.546,0.3410000000000082,68,14,36,4.512207508087158,0.2602974062151058,0.060000000000002274,8
I'm,298.686,298.806,0.1200000000000045,68,15,36,2.9367072582244873,0.16934323534808424,0.13999999999998636,3
not,298.846,298.986,0.1399999999999863,68,16,36,0.8159570097923279,0.046911594680943504,0.040000000000020464,3
blank,299.026,299.266,0.2400000000000091,68,17,36,12.227890968322754,0.7057264639758333,0.040000000000020464,5
"enough,",299.306,299.567,0.2610000000000241,68,18,36,0.7356305122375488,0.04227431837179434,0.03999999999996362,7
I'm,299.707,299.827,0.1200000000000045,68,19,36,0.683082103729248,0.039240680689622824,0.13999999999998636,3
not,299.867,299.967,0.0999999999999659,68,20,36,0.3742903470993042,0.021414026458818507,0.040000000000020464,3
